maimai DX 歌曲别名收集计划（@AkihaBot 版）,,,,,,,,,,,,,,,,,,,,,,,,,
"编辑指南请移步左下角「表格编辑指南」，
务必阅读完毕之后再申请编辑！",,,,,,,,,,,,,,,,,,,,,,,,,
ID,歌名,别名1,别名2,别名3,别名4,别名5,别名6,别名7,别名8,别名9,别名10,别名11,别名12,别名13,别名14,别名15,别名16,...,,,,,,,上限 24
8,True Love Song,真爱歌,,,,,,,,,,,,,,,,,,,,,,,
9,Color My World,,,,,,,,,,,,,,,,,,,,,,,,
17,Future,未来,星星歌,,,,,,,,,,,,,,,,,,,,,,
18,Love You,爱你,,,,,,,,,,,,,,,,,,,,,,,
21,コネクト,,,,,,,,,,,,,,,,,,,,,,,,
22,In Chaos,阴超市,超市,在超市,阴间超市,,,,,,,,,,,,,,,,,,,,
23,Crush On You,coy,COU,,,,,,,,,,,,,,,,,,,,,,
24,Sun Dance,阳舞,太阳舞,日跳舞,日舞,,,,,,,,,,,,,,,,,,,,
25,Sweets×Sweets,小甜甜,,,,,,,,,,,,,,,,,,,,,,,
27,Love or Lies,,,,,,,,,,,,,,,,,,,,,,,,
30,ネコ日和。,猫日和,猫天气,猫,,,,,,,,,,,,,,,,,,,,,
31,虹と太陽,虹太阳,虹与太阳,,,,,,,,,,,,,,,,,,,,,,
35,炭★坑★節,炭坑节,光★吉★猛★修,,,,,,,,,,,,,,,,,,,,,,
38,NIGHT OF FIRE,夜火,逮虾户,,,,,,,,,,,,,,,,,,,,,,
40,come again,再来一遍,,,,,,,,,,,,,,,,,,,,,,,
42,jelly,中田女士,,,,,,,,,,,,,,,,,,,,,,,
44,ハッピーシンセサイザ,,,,,,,,,,,,,,,,,,,,,,,,
46,ルカルカ★ナイトフィーバー,luka,来一发,rukarukanightfever,rukaruka,,,,,,,,,,,,,,,,,,,,
47,源平大戦絵巻テーマソング,源平,源平1,源平大战,,,,,,,,,,,,,,,,,,,,,
53,美しく燃える森,美燃森,美丽燃烧的森林,,,,,,,,,,,,,,,,,,,,,,
56,ウッーウッーウマウマ(ﾟ∀ﾟ),扭腰歌,caramelldansen,,,,,,,,,,,,,,,,,,,,,,
58,Endless World,无尽世界,ew,,,,,,,,,,,,,,,,,,,,,,
61,Beat Of Mind,bom,nmb的mai,你妈逼的麦,,,,,,,,,,,,,,,,,,,,,
62,檄！帝国華撃団(改),滑稽团,帝国华击团,帝国滑稽团,屑团,改,,,,,,,,,,,,,,,,,,,
63,メランコリック,忧郁的心情,,,,,,,,,,,,,,,,,,,,,,,
64,教えて!! 魔法のLyric,教教,,,,,,,,,,,,,,,,,,,,,,,
65,ZIGG-ZAGG,拉链,,,,,,,,,,,,,,,,,,,,,,,
66,ワールズエンド・ダンスホール,末世舞厅,世末舞厅,世界终末舞厅,world's end dancehall,,,,,,,,,,,,,,,,,,,,
67,パンダヒーロー,panda hero,熊猫英雄,,,,,,,,,,,,,,,,,,,,,,
68,オレンジの夏,橙色夏天,橙夏,,,,,,,,,,,,,,,,,,,,,,
69,BaBan!! －甘い罠－,,,,,,,,,,,,,,,,,,,,,,,,
70,ジングルベル,圣诞歌,鸡公煲,圣诞,吵死了,Jingle Bell,,,,,,,,,,,,,,,,,,,
71,マトリョシカ,俄罗斯套娃,套娃,,,,,,,,,,,,,,,,,,,,,,
73,メグメグ☆ファイアーエンドレスナイト,Meg Meg Fire Endless Night,,,,,,,,,,,,,,,,,,,,,,,
75,天国と地獄,天国地狱,天国,,,,,,,,,,,,,,,,,,,,,,
76,きみのためなら死ねる,为了你而死,为你而死,,,,,,,,,,,,,,,,,,,,,,
77,怪盗Rのテーマ,怪盗R的影之诗,怪盗R,,,,,,,,,,,,,,,,,,,,,,
78,マリアをはげませ,秃头玛丽亚,,,,,,,,,,,,,,,,,,,,,,,
79,SHOW TIME,,,,,,,,,,,,,,,,,,,,,,,,
80,City Escape: Act1,索1,,,,,,,,,,,,,,,,,,,,,,,
81,Rooftop Run: Act1,逃离屋顶,索2,蓝猫,,,,,,,,,,,,,,,,,,,,,
82,Reach For The Stars,追星,索3,,,,,,,,,,,,,,,,,,,,,,
83,Urban Crusher [Remix],机器人,,,,,,,,,,,,,,,,,,,,,,,
84,Catch The Future,抓住未来,,,,,,,,,,,,,,,,,,,,,,,
85,JACKY [Remix],,,,,,,,,,,,,,,,,,,,,,,,
100,Tell Your World,TYW,难忘今宵,,,,,,,,,,,,,,,,,,,,,,
101,おちゃめ機能,天真烂漫机能,机能,五月病,,,,,,,,,,,,,,,,,,,,,
102,ダンシング☆サムライ,茄子先生,跳舞武士,茄子,,,,,,,,,,,,,,,,,,,,,
106,BAD∞END∞NIGHT,坏结夜,BEN,,,,,,,,,,,,,,,,,,,,,,
107,ロミオとシンデレラ,罗密欧,灰姑娘,罗密欧与辛德瑞拉,罗与灰,罗密欧与灰姑娘,口三才,,,,,,,,,,,,,,,,,,
108,Sweetiex2,,,,,,,,,,,,,,,,,,,,,,,,
109,腐れ外道とチョコレゐト,外道,巧克力,腐外道,该死的异端,,,,,,,,,,,,,,,,,,,,
110,Quartet Theme [Reborn],手枪人,QT,COSIO,,,,,,,,,,,,,,,,,,,,,
111,Sky High [Reborn],天空高,,,,,,,,,,,,,,,,,,,,,,,
112,Like the Wind [Reborn],一块钱,重生之风,风が好き,喜欢风,,,,,,,,,,,,,,,,,,,,
113,YA･DA･YO [Reborn],亚达哟,yadayo,说唱,,,,,,,,,,,,,,,,,,,,,
114,Space Harrier Main Theme [Reborn],太空哈利,太空,,,,,,,,,,,,,,,,,,,,,,
115,DADDY MULK -Groove remix-,爸爸奶,爹奶,爸奶,,,,,,,,,,,,,,,,,,,,,
116,ぴぴぱぷぅ！,比巴卜,,,,,,,,,,,,,,,,,,,,,,,
117,炎歌 -ほむらうた-,炎歌,阉割,,,,,,,,,,,,,,,,,,,,,,
118,犬日和。,狗日子,狗天气,犬日和,狗日,,,,,,,,,,,,,,,,,,,,
119,ソーラン☆節,索兰节,捕鱼节,六魁首,,,,,,,,,,,,,,,,,,,,,
120,デコボコ体操第二,体操第二,,,,,,,,,,,,,,,,,,,,,,,
121,スイートマジック,甜甜魔法,sweet magic,甜蜜魔法,,,,,,,,,,,,,,,,,,,,,
122,ゴーゴー幽霊船,幽灵船,sasasasa,,,,,,,,,,,,,,,,,,,,,,
125,千本桜,,,,,,,,,,,,,,,,,,,,,,,,
128,御旗のもとに,御旗,,,,,,,,,,,,,,,,,,,,,,,
130,FEEL ALIVE,感觉活着,女人赛跑,绝赞转圈,,,,,,,,,,,,,,,,,,,,,
131,Link,林克,,,,,,,,,,,,,,,,,,,,,,,
132,Turn around,转弯,,,,,,,,,,,,,,,,,,,,,,,
133,We Gonna Party,wgp,咱想开派对,我们去派对,派对,,,,,,,,,,,,,,,,,,,,
134,Night Fly,夜飞,夜晚飞,,,,,,,,,,,,,,,,,,,,,,
135,Feel My Fire,感受我的火,,,,,,,,,,,,,,,,,,,,,,,
136,Streak,绿庙,米奇妙妙屋,拆房子,绿房子,牛排,,,,,,,,,,,,,,,,,,,
137,Spin me harder,蓝蝴蝶,电蝴蝶,更用力地抽我,转我硬,大蝴蝶,,,,,,,,,,,,,,,,,,,
138,Lionheart,狮心,莱因哈特,spaceman,,,,,,,,,,,,,,,,,,,,,
139,Acceleration,加速,加速器,,,,,,,,,,,,,,,,,,,,,,
140,Sprintrances,冰山,,,,,,,,,,,,,,,,,,,,,,,
141,Nerverakes,两块钱,地球仪,,,,,,,,,,,,,,,,,,,,,,
142,Black Out,黑出,,,,,,,,,,,,,,,,,,,,,,,
143,Fragrance,香水,斜塔,大厦,弗拉钢丝,,,,,,,,,,,,,,,,,,,,
144,air's gravity,空气重力,大气重力,,,,,,,,,,,,,,,,,,,,,,
145,Starlight Disco,,,,,,,,,,,,,,,,,,,,,,,,
146,39,,,,,,,,,,,,,,,,,,,,,,,,
147,地上の戦士,地上的战士,,,,,,,,,,,,,,,,,,,,,,,
152,超絶！Superlative,超绝,,,,,,,,,,,,,,,,,,,,,,,
153,采配の刻 Power of order,命令时刻,采配,,,,,,,,,,,,,,,,,,,,,,
154,DO RORO DERODERO ON DO RORO,多罗罗,源平2,迪罗迪罗,dororo,,,,,,,,,,,,,,,,,,,,
155,泣き虫O'clock,泣虫,爱哭鬼,,,,,,,,,,,,,,,,,,,,,,
157,Natural Flow,自然流,自然流,,,,,,,,,,,,,,,,,,,,,,
159,maimaiちゃんのテーマ,PLUS主题曲,maimai酱,,,,,,,,,,,,,,,,,,,,,,
181,君の知らない物語,,,,,,,,,,,,,,,,,,,,,,,,
184,I ♥,我爱,,,,,,,,,,,,,,,,,,,,,,,
185,＊ハロー、プラネット。,,,,,,,,,,,,,,,,,,,,,,,,
186,イアイア★ナイトオブデザイア,欲望之夜,,,,,,,,,,,,,,,,,,,,,,,
187,ローリンガール,滚女,rolling girl,回转少女,,,,,,,,,,,,,,,,,,,,,
188,天ノ弱,,,,,,,,,,,,,,,,,,,,,,,,
189,弱虫モンブラン,弱虫,胆小鬼,错位练习歌,胆小鬼蒙布朗,弱虫蒙布朗,784,甜点,,,,,,,,,,,,,,,,,
190,モザイクロール,马赛克卷,Mosaic Roll,,,,,,,,,,,,,,,,,,,,,,
191,脳漿炸裂ガール,,,,,,,,,,,,,,,,,,,,,,,,
192,SPiCa,,,,,,,,,,,,,,,,,,,,,,,,
193,セツナトリップ,,,,,,,,,,,,,,,,,,,,,,,,
194,放課後ストライド,放课后冲,放课后,,,,,,,,,,,,,,,,,,,,,,
198,カゲロウデイズ,车祸歌,阳炎,车祸曲,阳炎眩乱,白阳炎,阳炎DAZE,阳炎Days,,,,,,,,,,,,,,,,,
199,チルノのパーフェクトさんすう教室,算数教室,琪露诺的完美算数教室,⑨,琪露诺,バカバカ,⑨舞,9舞,,,,,,,,,,,,,,,,,
200,Bad Apple!! feat nomico,坏苹果,烂苹果,坏林檎,,,,,,,,,,,,,,,,,,,,,
201,魔理沙は大変なものを盗んでいきました,魔理沙偷走了重要的东西,魔理沙,被刑拘,魔理沙的大便,,,,,,,,,,,,,,,,,,,,
202,Grip & Break down !!,,,,,,,,,,,,,,,,,,,,,,,,
203,"Help me, ERINNNNNN!!",erin,救救,,,,,,,,,,,,,,,,,,,,,,
204,ナイト・オブ・ナイツ,夜骑,十六夜咲夜,pad,nok,night of knight,night of knights,,,,,,,,,,,,,,,,,,
205,全人類ノ非想天則,非想天則,打则死路一条,非想天则,大机器人,则,开高达,,,,,,,,,,,,,,,,,,
206,しゅわスパ大作戦☆,修哇,修哇大作战,下药歌,野兽妹,,,,,,,,,,,,,,,,,,,,
207,時空を超えて久しぶり！,puyopuyo,噗哟噗哟,时空,,,,,,,,,,,,,,,,,,,,,
208,Her Dream Is To Be A Fantastic Sorceress,女足梦想,噗哟噗哟2,噗哟噗哟,,,,,,,,,,,,,,,,,,,,,
209,ココロスキャンのうた,心灵扫描歌,捂裆男,白色小人,捂裆歌,,,,,,,,,,,,,,,,,,,,
212,神室雪月花,雪月花,如龙,,,,,,,,,,,,,,,,,,,,,,
213,KONNANじゃないっ！,柯南,困难,女如龙,粉色小裙子,全换,遥,,,,,,,,,,,,,,,,,,
214,awake,醒了,起了,,,,,,,,,,,,,,,,,,,,,,
216,Mysterious Destiny,贝姐,神秘命运,,,,,,,,,,,,,,,,,,,,,,
217,Riders Of The Light,驭光者,猎天使魔女,,,,,,,,,,,,,,,,,,,,,,
218,Terminal Storm,,,,,,,,,,,,,,,,,,,,,,,,
219,記憶、記録,记忆记录,恐怖谷,,,,,,,,,,,,,,,,,,,,,,
220,セガサターン起動音[H.][Remix],启动音,世嘉土星启动音,起动音,转圈练习,土星,,,,,,,,,,,,,,,,,,,
223,夜咄ディセイブ,夜咄,kano角色歌,夜咄deceive,,,,,,,,,,,,,,,,,,,,,
224,ウサテイ,兔子快跑,帝帝跑跑跑,兔子,,,,,,,,,,,,,,,,,,,,,
225,sweet little sister,甜小姐姐,甜二妹,甜小妹,,,,,,,,,,,,,,,,,,,,,
226,Blew Moon,吹月,口区,蓝月亮,,,,,,,,,,,,,,,,,,,,,
227,Garakuta Doll Play,GDP,鬼牌,小丑,果丹皮,鸡滴屁,国内生产总值,小丑变魔术,轨道炮,狗弟屁,t+p教你打扑克,,,,,,,,,,,,,,
228,Dreampainter,梦境绘画者,,,,,,,,,,,,,,,,,,,,,,,
229,ぐるぐるWASH！コインランドリー・ディスコ,洗衣房,suomi,洗衣机,咕噜咕噜wash,,,,,,,,,,,,,,,,,,,,
230,CYCLES,马瓦鲁,马挖路,轮回,马洼路,马瓦路,马哇撸,马洼路,🐴哇路,,,,,,,,,,,,,,,,
231,Heartbeats,心动,,,,,,,,,,,,,,,,,,,,,,,
232,Life Feels Good,生活感觉好,好日子,感觉很好,LFG,,,,,,,,,,,,,,,,,,,,
233,MYTHOS,小提琴,神话,味增,,,,,,,,,,,,,,,,,,,,,
234,End of Twilight,暮光终结,暮光的尽处,eot,,,,,,,,,,,,,,,,,,,,,
235,火炎地獄,火炎地狱,皮炎地狱,77乐园,,,,,,,,,,,,,,,,,,,,,
236,ユビキリ,拉勾勾,狗粮,指切,,,,,,,,,,,,,,,,,,,,,
237,Pixel Voyage,小飞机,像素,,,,,,,,,,,,,,,,,,,,,,
238,Get Happy,爽了,给爽,,,,,,,,,,,,,,,,,,,,,,
239,System “Z”,系统z,系统,系统贼,,,,,,,,,,,,,,,,,,,,,
240,Beat of getting entangled,boge,胡来的处男,胡辣汤,,,,,,,,,,,,,,,,,,,,,
241,Cosmic Train,宇宙列车,宇宙小火车,,,,,,,,,,,,,,,,,,,,,,
242,ナミダと流星,眼泪与流星,眼泪流星,流星,流星一笔画,,,,,,,,,,,,,,,,,,,,
244,おても☆Yan,阿铁摸呀,陕北民歌,阿铁摸鸭,山歌,,,,,,,,,,,,,,,,,,,,
246,maiム・maiム feat.週刊少年マガジン,周刊少年,周刊,,,,,,,,,,,,,,,,,,,,,,
247,Danza zandA,小号歌,蛋砸砸蛋,,,,,,,,,,,,,,,,,,,,,,
248,Backyun! －悪い女－,,,,,,,,,,,,,,,,,,,,,,,,
251,Monochrome Rainbow,单色彩虹,黑白彩虹,,,,,,,,,,,,,,,,,,,,,,
252,みんなのマイマイマー,大家的maimai吗,maimai,大家的maimaimer,maimaimer,,,,,,,,,,,,,,,,,,,,
253,円舞曲、君に,圆舞曲,舞曲,,,,,,,,,,,,,,,,,,,,,,
254,Live & Learn,SA2,,,,,,,,,,,,,,,,,,,,,,,
255,Burning Hearts ～炎のANGEL～,BR,烧心,炎天使,,,,,,,,,,,,,,,,,,,,,
256,いーあるふぁんくらぶ,,,,,,,,,,,,,,,,,,,,,,,,
258,Nyan Cat EX,彩虹猫,nyanyanyanyan,,,,,,,,,,,,,,,,,,,,,,
259,ぽっぴっぽー,蔬菜歌,蔬菜汁,,,,,,,,,,,,,,,,,,,,,,
260,LUCIA,露西亚,,,,,,,,,,,,,,,,,,,,,,,
261,Death Scythe,死镰,死镰1,,,,,,,,,,,,,,,,,,,,,,
262,BREAK YOU!!,破坏你,绝赞你,,,,,,,,,,,,,,,,,,,,,,
263,JUMPIN' JUMPIN',跳跳,,,,,,,,,,,,,,,,,,,,,,,
264,L'épilogue,法文歌,尾声,,,,,,,,,,,,,,,,,,,,,,
265,Save This World νMIX,拯救世界,救世,救世啊,,,,,,,,,,,,,,,,,,,,,
266,Living Universe,住在宇宙,活宇宙,,,,,,,,,,,,,,,,,,,,,,
267,Ignite Infinity,,,,,,,,,,,,,,,,,,,,,,,,
268,トルコ行進曲 - オワタ＼(^o^)／,土耳其进行曲,土耳其,完蛋,OWATA,,,,,,,,,,,,,,,,,,,,
269,裏表ラバーズ,里表,里表情人,,,,,,,,,,,,,,,,,,,,,,
270,Outlaw's Lullaby,如龙2,OL,12+如龙,,,,,,,,,,,,,,,,,,,,,
271,Brand-new Japanesque,全新日本人,11+如龙,,,,,,,,,,,,,,,,,,,,,,
278,レッツゴー!陰陽師,阴阳师,悪靈退散,豪血寺,标准结局,恶灵退散,,,,,,,,,,,,,,,,,,,
280,炉心融解,,,,,,,,,,,,,,,,,,,,,,,,
281,ダブルラリアット,,,,,,,,,,,,,,,,,,,,,,,,
282,からくりピエロ,活动小丑,小丑,一笔画,,,,,,,,,,,,,,,,,,,,,
283,ネトゲ廃人シュプレヒコール,网游废人,网费,网废,网游,废人,,,,,,,,,,,,,,,,,,,
284,むかしむかしのきょうのぼく,,,,,,,,,,,,,,,,,,,,,,,,
285,magician's operation,魔法师手术,魔术手,,,,,,,,,,,,,,,,,,,,,,
288,六兆年と一夜物語,,,,,,,,,,,,,,,,,,,,,,,,
289,みくみくにしてあげる♪【してやんよ】,把你mikumiku掉,,,,,,,,,,,,,,,,,,,,,,,
290,リリリリ★バーニングナイト,Burning Night,莉莉,lily,,,,,,,,,,,,,,,,,,,,,
291,ハロ／ハワユ,Hello how are you,袜套,八口,,,,,,,,,,,,,,,,,,,,,
293,Our Fighting,酋长,,,,,,,,,,,,,,,,,,,,,,,
295,緋色のDance,绯色,脑梗协调,绯色诺当斯,,,,,,,,,,,,,,,,,,,,,
296,明星ロケット,明星火箭,明星银河号,明星,,,,,,,,,,,,,,,,,,,,,
297,The Great Journey,tgj,,,,,,,,,,,,,,,,,,,,,,,
298,お嫁にしなさいっ！,结婚了,嫁,,,,,,,,,,,,,,,,,,,,,,
299,ロストワンの号哭,号哭,累死人,lostone的号哭,,,,,,,,,,,,,,,,,,,,,
300,Sweet Devil,甜蜜恶魔,,,,,,,,,,,,,,,,,,,,,,,
301,患部で止まってすぐ溶ける～狂気の優曇華院,,,,,,,,,,,,,,,,,,,,,,,,
302,ケロ⑨destiny,⑨,9,青蛙子,,,,,,,,,,,,,,,,,,,,,
303,"Endless, Sleepless Night",无尽不眠夜,,,,,,,,,,,,,,,,,,,,,,,
305,POP STAR,平井坚,,,,,,,,,,,,,,,,,,,,,,,
308,Back 2 Back,b2b,回二回,回两回,,,,,,,,,,,,,,,,,,,,,
309,神々の祈り,神祈,,,,,,,,,,,,,,,,,,,,,,,
310,エピクロスの虹はもう見えない,圣母,红美铃,美铃,美里,,,,,,,,,,,,,,,,,,,,
311,シアワセうさぎ,幸福兔,,,,,,,,,,,,,,,,,,,,,,,
312,ってゐ！ ～えいえんてゐVer～,因幡帝,,,,,,,,,,,,,,,,,,,,,,,
313,待チ人ハ来ズ。,待人未至,待人来,,,,,,,,,,,,,,,,,,,,,,
314,Cosmic Magic Shooter,宇宙魔术射手,魔术射手,摩托车,摩天轮,法界之火,魔法射手,,,,,,,,,,,,,,,,,,
315,深海少女,深海,阴间少女,,,,,,,,,,,,,,,,,,,,,,
316,M.S.S.Planet,planet,MSS,中二病,,,,,,,,,,,,,,,,,,,,,
318,東方スイーツ！～鬼畜姉妹と受難メイド～,鬼畜姐妹,,,,,,,,,,,,,,,,,,,,,,,
319,幻想のサテライト,,,,,,,,,,,,,,,,,,,,,,,,
320,最速最高シャッターガール,最速最高,文文,,,,,,,,,,,,,,,,,,,,,,
321,バラライカ,亚拉那一卡,空手道,巴拉莱卡琴,巴拉拉一卡,,,,,,,,,,,,,,,,,,,,
322,林檎華憐歌,林檎,大妈唱歌,林檎华怜歌,苹果,拜拜,黄金大便,beatmario的妈妈,拜拜！拜拜！,妈妈歌,,,,,,,,,,,,,,,
323,YATTA!,好耶！,亚达,好耶,,,,,,,,,,,,,,,,,,,,,
324,Jack-the-Ripper◆,开膛手杰克,杰哥雷普,开膛手,jtr,开膛手杰哥,,,,,,,,,,,,,,,,,,,
325,Windy Hill -Zone 1,追星上位,索4,小追星,,,,,,,,,,,,,,,,,,,,,
326,コトバ・カラフル,Kotoba colorful,575,舞立方,女同,,,,,,,,,,,,,,,,,,,,
327,タカハせ！名人マン,高桥名人,光头16连,高桥,纵连练习,名人,,,,,,,,,,,,,,,,,,,
328,言ノ葉カルマ,言叶业,言叶之业,,,,,,,,,,,,,,,,,,,,,,
329,かせげ！ジャリンコヒーロー,Jarinko Hero,,,,,,,,,,,,,,,,,,,,,,,
330,キズナの物語,锁链战记,羁绊物语,锁链,,,,,,,,,,,,,,,,,,,,,
331,Heart Beats,心跳,pulse,,,,,,,,,,,,,,,,,,,,,,
332,アゲアゲアゲイン,,,,,,,,,,,,,,,,,,,,,,,,
337,鼓動,鼓动,如龙维新,阿疼,猫抓板,,,,,,,,,,,,,,,,,,,,
339,DRAGONLADY,龙女,龙女士,龙玉涛,你舍得打破这片宁静么,,,,,,,,,,,,,,,,,,,,
341,二息歩行,二息步行,,,,,,,,,,,,,,,,,,,,,,,
342,ファンタジーゾーン OPA-OPA! -GMT remix-,Fantasy zone,,,,,,,,,,,,,,,,,,,,,,,
343,電車で電車でGO!GO!GO!GC! -GMT remix-,电车,电车GO,,,,,,,,,,,,,,,,,,,,,,
344,RIDGE RACER STEPS -GMT remix-,rrs,,,,,,,,,,,,,,,,,,,,,,,
345,リッジでリッジでGO!GO!GO! -GMT mashup-,电车gogogo,电车,电车go,,,,,,,,,,,,,,,,,,,,,
346,オパ! オパ! RACER -GMT mashup-,赛车,,,,,,,,,,,,,,,,,,,,,,,
347,電車で電車でOPA!OPA!OPA! -GMT mashup-,电车,星星电车,opa电车,电池opa,,,,,,,,,,,,,,,,,,,,
348,Axeria,ax,啊歇了啊,好累啊,诶插,阿克塞利亚,,,,,,,,,,,,,,,,,,,
349,ピーマンたべたら,青椒,老鼠,,,,,,,,,,,,,,,,,,,,,,
351,MIRROR of MAGIC,MoM,镜魔,魔镜,,,,,,,,,,,,,,,,,,,,,
352,究極焼肉レストラン！お燐の地獄亭！,究极烧肉,烤肉,,,,,,,,,,,,,,,,,,,,,,
353,shake it!,摇它,自行车,,,,,,,,,,,,,,,,,,,,,,
356,1/3の純情な感情,,,,,,,,,,,,,,,,,,,,,,,,
358,毒占欲,,,,,,,,,,,,,,,,,,,,,,,,
359,YU-MU,妖梦,,,,,,,,,,,,,,,,,,,,,,,
360,物凄い勢いでけーねが物凄いうた,物凄,慧音,嘎哦嘎哦,三倍ice cream,三倍icecream,,,,,,,,,,,,,,,,,,,
362,BETTER CHOICE,更好的选择,,,,,,,,,,,,,,,,,,,,,,,
363,Oshama Scramble!,,,,,,,,,,,,,,,,,,,,,,,,
364,D✪N’T  ST✪P  R✪CKIN’,机器人跳舞,,,,,,,,,,,,,,,,,,,,,,,
365,ガラテアの螺旋,螺旋,大宇宙,嘟嘟嘟嘟嘟嘟嘟,,,,,,,,,,,,,,,,,,,,,
366,oboro,小火球,小火苗,小火花,胧,higedriver,,,,,,,,,,,,,,,,,,,
367,Dragoon,龙,龙骑士,多拉贡,龙骑兵,,,,,,,,,,,,,,,,,,,,
374,アンハッピーリフレイン,unhappy refrain,不高兴的副歌,散弹枪,unhappy,,,,,,,,,,,,,,,,,,,,
375,One Step Ahead,向前一步走,伊东歌词太郎,,,,,,,,,,,,,,,,,,,,,,
376,L9,绿9,轴交互,老九,,,,,,,,,,,,,,,,,,,,,
378,planet dancer,星球舞者,爸爸拉粑粑,池面,,,,,,,,,,,,,,,,,,,,,
379,Caliburne ～Story of the Legendary sword～,生煎,圣剑,圣剑1,福瑞1,咖喱棒,小圣剑,生煎1,,,,,,,,,,,,,,,,,
380,どうしてこうなった,这怎么发生的,为什么会变成这样呢,跳舞狗,怎会如此,,,,,,,,,,,,,,,,,,,,
381,B.B.K.K.B.K.K.,bk,bbkkbkk,bbkk,Bass kick,汉堡王,↓↓↑↑↓↑↑,3b4k,,,,,,,,,,,,,,,,,
382,おこちゃま戦争,孩子气的战争,,,,,,,,,,,,,,,,,,,,,,,
383,Link,,,,,,,,,,,,,,,,,,,,,,,,
384,VERTeX,水神,VOLTeX,,,,,,,,,,,,,,,,,,,,,,
385,Ignis Danse,火神,伊格尼斯丹斯,跳舞,,,,,,,,,,,,,,,,,,,,,
386,Scars of FAUNA,土神,,,,,,,,,,,,,,,,,,,,,,,
387,FUJIN Rumble,风神,福晋软贝,福建兰博,,,,,,,,,,,,,,,,,,,,,
388,きたさいたま2000,中年社畜的怒吼,塞他妈,北埼玉,北埼玉2000,kita,北,全网最帅五兄弟,2000,下北泽2000,,,,,,,,,,,,,,,
389,FLOWER,扶老二,花,大十字,公交车,金塔,,,,,,,,,,,,,,,,,,,
390,Got more raves？,郭沫若,gmr,雷神,E.G.G.,egg,蝴蝶,,,,,,,,,,,,,,,,,,
399,不毛！,不毛,牙白,拔毛,,,,,,,,,,,,,,,,,,,,,
400,デッドレッドガールズ,死红女,,,,,,,,,,,,,,,,,,,,,,,
401,赤心性：カマトト荒療治,赤心性,苏祖母,suzumu,,,,,,,,,,,,,,,,,,,,,
403,悪戯,恶戏,恶作剧,,,,,,,,,,,,,,,,,,,,,,
404,響縁,响缘,响绿,,,,,,,,,,,,,,,,,,,,,,
407,LOL -lots of laugh-,,,,,,,,,,,,,,,,,,,,,,,,
408,クローバー♣クラブ,,,,,,,,,,,,,,,,,,,,,,,,
409,妄想税,,,,,,,,,,,,,,,,,,,,,,,,
410,どういうことなの！？,,,,,,,,,,,,,,,,,,,,,,,,
411,初音ミクの消失,消失,初音未来的消失,Master33,这歌好快啊,老婆不见了,初音未来的炸开，我消失了,我底力消失了,,,,,,,,,,,,,,,,,
412,イノコリ先生,先生,留堂老师,男同老师,男同,,,,,,,,,,,,,,,,,,,,
413,キャプテン・ムラサのケツアンカー,船长,村纱,,,,,,,,,,,,,,,,,,,,,,
414,若い力 -SEGA HARD GIRLS MIX-,若力,世嘉硬件女孩,社歌,,,,,,,,,,,,,,,,,,,,,
417,ウミユリ海底譚,海底捞,海底谭,检验周刊的唯一标准,海百合海底谭,脑梗谭,画质好,海底瘫,百合捞,海底列车,海底泥头车,女人心,,,,,,,,,,,,,
418,welcome to maimai!! with マイマイマー,欢迎来到maimai,welcome to maimai,,,,,,,,,,,,,,,,,,,,,,
419,ストリーミングハート,流心,,,,,,,,,,,,,,,,,,,,,,,
420,Change Our MIRAI！,,,,,,,,,,,,,,,,,,,,,,,,
421,Aiolos,艾欧洛斯,艾俄洛斯,A打头的风神,奥罗,,,,,,,,,,,,,,,,,,,,
422,LANCE,蓝枪,兰斯,枪,男厕,,,,,,,,,,,,,,,,,,,,
423,SAVIOR OF SONG,,,,,,,,,,,,,,,,,,,,,,,,
424,橙の幻想郷音頭,橙的幻想乡音头,橙舞,橙音头,,,,,,,,,,,,,,,,,,,,,
425,東方妖々夢 ～the maximum moving about～,妖妖梦,石碱屋,,,,,,,,,,,,,,,,,,,,,,
426,蒼空に舞え、墨染の桜,墨染,墨染樱,,,,,,,,,,,,,,,,,,,,,,
427,少女幻葬戦慄曲 ～ Necro Fantasia,死灵幻想曲,少女幻葬,战栗曲,,,,,,,,,,,,,,,,,,,,,
431,Contrapasso -paradiso-,齿轮,天堂,ctps,时钟,闹钟,⏰,齿轮地狱,吃润,天堂齿轮,,,,,,,,,,,,,,,
432,幸せになれる隠しコマンドがあるらしい,上下左右,幸隐,隐藏指令,性瘾,人生重来枪,,,,,,,,,,,,,,,,,,,
434,フラグメンツ -T.V. maimai edit-,fragments,发热巫女,活动写真馆,flower of life,,,,,,,,,,,,,,,,,,,,
435,願いを呼ぶ季節,致电愿望的季节,梦想夏乡,,,,,,,,,,,,,,,,,,,,,,
436,おじゃま虫,,,,,,,,,,,,,,,,,,,,,,,,
437,Yet Another ”drizzly rain”,帕秋莉,,,,,,,,,,,,,,,,,,,,,,,
438,四次元跳躍機関,四次元,机关,四次元跳跃机关,跳楼机,二次元跳楼机关,,,,,,,,,,,,,,,,,,,
439,最終鬼畜妹・一部声,鬼畜妹,一部声,蓝蓝路,吵死了,二小姐,,,,,,,,,,,,,,,,,,,
440,はじめまして地球人さん,,,,,,,,,,,,,,,,,,,,,,,,
446,GEMINI -M-,双子星,戈米尼,双子,鸡米尼,,,,,,,,,,,,,,,,,,,,
447,+♂,加男,,,,,,,,,,,,,,,,,,,,,,,
448,ありふれたせかいせいふく,司空见惯的世界征服,世征,,,,,,,,,,,,,,,,,,,,,,
449,すろぉもぉしょん,,,,,,,,,,,,,,,,,,,,,,,,
450,絵の上手かった友達,,,,,,,,,,,,,,,,,,,,,,,,
451,頓珍漢の宴,顿珍汉,,,,,,,,,,,,,,,,,,,,,,,
453,Garden Of The Dragon,龙花园,万达蓝,,,,,,,,,,,,,,,,,,,,,,
454,After Burner,冲破火网,AB,,,,,,,,,,,,,,,,,,,,,,
455,Counselor,,,,,,,,,,,,,,,,,,,,,,,,
456,Glorious Crown,皇冠,王冠,FD2,GC,,,,,,,,,,,,,,,,,,,,
457,言ノ葉遊戯,言叶游戏,,,,,,,,,,,,,,,,,,,,,,,
458,りばーぶ,reverb,,,,,,,,,,,,,,,,,,,,,,,
459,幾四音-Ixion-,几四音,ixion,,,,,,,,,,,,,,,,,,,,,,
460,閃鋼のブリューナク,闪钢,,,,,,,,,,,,,,,,,,,,,,,
461,無敵We are one!!,无敌we are one,我们是1,我们是无敌1,母铁鸡,无敌我们是1,,,,,,,,,,,,,,,,,,,
462,7thSense,七感,七拍子,第七感,7感,心把节拍,,,,,,,,,,,,,,,,,,,
463,FEEL the BEATS,感受节拍,ftb,,,,,,,,,,,,,,,,,,,,,,
464,Revive The Rave,rtr,润体乳,舞立方,,,,,,,,,,,,,,,,,,,,,
465,スリップフリップ,slipflip,短发妹,短发妹妹,大头妹,slip flip,,,,,,,,,,,,,,,,,,,
466,Jimang Shot,急忙射,,,,,,,,,,,,,,,,,,,,,,,
467,儚きもの人間,梦人间,少女炼狱,,,,,,,,,,,,,,,,,,,,,,
468,ラブリー☆えんじぇる!!,可爱天使,,,,,,,,,,,,,,,,,,,,,,,
471,オモイヨシノ,恋咏樱,Omoiyoshino,,,,,,,,,,,,,,,,,,,,,,
472,アージェントシンメトリー,argent symmetry,sta,pink op,argent,银对称,,,,,,,,,,,,,,,,,,,
475,かくしん的☆めたまるふぉ～ぜっ！,,,,,,,,,,,,,,,,,,,,,,,,
476,極上スマイル,,,,,,,,,,,,,,,,,,,,,,,,
477,厨病激発ボーイ,,,,,,,,,,,,,,,,,,,,,,,,
480,HIMITSUスパーク,HIMITSU Spark,白乌鸦,秘密,,,,,,,,,,,,,,,,,,,,,
482,Party 4U ”holy nite mix”,p4u,冯悦金曲,,,,,,,,,,,,,,,,,,,,,,
483,囲い無き世は一期の月影,月影,,,,,,,,,,,,,,,,,,,,,,,
488,Lividi,李伟迪,李维迪,呜哇,,,,,,,,,,,,,,,,,,,,,
490,Infantoon Fantasy,if,汤海,,,,,,,,,,,,,,,,,,,,,,
492,Jumble Rumble,DJ鼠,jb乱爆,DJ猫,几把乱爆,打碟猫,打碟老鼠,,,,,,,,,,,,,,,,,,
493,Imitation:Loud Lounge,奇面族,ILL,,,,,,,,,,,,,,,,,,,,,,
494,CITRUS MONSTER,橘子怪兽,CM,柑橘怪兽,,,,,,,,,,,,,,,,,,,,,
495,Hyper Active,黄卡车,小黄车,卡车,黄卡,追卡车,泥头车,卡玛斯,前四后八,,,,,,,,,,,,,,,,
496,AMAZING MIGHTYYYY!!!!,AM,我妹妹不可能是男的,精子,阿妈,大棒子,俺妹,96,爽啊！,YYYYY,音游王c,,,,,,,,,,,,,,
497,fake!fake!,假的,fake news！,白乌鸦,,,,,,,,,,,,,,,,,,,,,
499,夏祭り,夏祭,,,,,,,,,,,,,,,,,,,,,,,
500,シュガーソングとビターステップ,,,,,,,,,,,,,,,,,,,,,,,,
501,Daydream café,,,,,,,,,,,,,,,,,,,,,,,,
506,セハガガガンバッちゃう！！,我要去做,世嘉硬件女孩,也八力力力,今天你在哪一层？,,,,,,,,,,,,,,,,,,,,
507,キミノヨゾラ哨戒班,烧鸡班,哨戒班remix,你的夜空哨戒班,哨戒班,,,,,,,,,,,,,,,,,,,,
508,恋愛裁判,恋爱裁判,拼机神曲,出轨裁判,Love Trial,,,,,,,,,,,,,,,,,,,,
509,Just Be Friends,,,,,,,,,,,,,,,,,,,,,,,,
510,ヒビカセ,让其响彻,匕匕力也,比力也,比比力也,匕匕力乜,比利耶！,西比卡贼,比力乜,比卡贼,匕匕力世,,,,,,,,,,,,,,
511,パーフェクト生命,生命,完美生命,,,,,,,,,,,,,,,,,,,,,,
512,StargazeR,摘星人,,,,,,,,,,,,,,,,,,,,,,,
513,だんだん早くなる,渐渐加速,渐渐变快,蛋蛋变快,逐渐加快,蛋蛋歌,逐渐变快,一笔画神曲,蛋蛋加速,蛋蛋加快,变快,蛋蛋,逐渐变快,追星当当,,,,,,,,,,,
514,ヘルシーエンド,maimai你摸,healthy end,,,,,,,,,,,,,,,,,,,,,,
515,クノイチでも恋がしたい,,,,,,,,,,,,,,,,,,,,,,,,
516,ココロ,,,,,,,,,,,,,,,,,,,,,,,,
517,東京リアルワールド,东京真实世界,东京,Tokyo Real World,Yeah!,,,,,,,,,,,,,,,,,,,,
518,やめろ！聴くな！,别听,,,,,,,,,,,,,,,,,,,,,,,
519,ゆっくりしていってね！！！,,,,,,,,,,,,,,,,,,,,,,,,
520,木彫り鯰と右肩ゾンビ,僵尸,木雕鲇鱼,520,右肩僵尸,右肩,木雕,肩周炎,木雕鲶鱼,鲇鱼,鲶鱼,,,,,,,,,,,,,,
521,ECHO,回声,恶臭,挨口,I don't know,idk:-(,电视头,:-),,,,,,,,,,,,,,,,,
522,Mr. Wonderland,王大狼,梦幻岛,幻想乡先生,,,,,,,,,,,,,,,,,,,,,
523,しんでしまうとはなさけない！,,,,,,,,,,,,,,,,,,,,,,,,
524,Hand in Hand,八一卜匕一卜,八一卜,八一卜七一卜,,,,,,,,,,,,,,,,,,,,,
525,ブリキノダンス,,,,,,,,,,,,,,,,,,,,,,,,
526,brilliant better,,,,,,,,,,,,,,,,,,,,,,,,
527,ハート・ビート,,,,,,,,,,,,,,,,,,,,,,,,
528,Invitation,邀请,,,,,,,,,,,,,,,,,,,,,,,
529,connecting with you,三泽秋,,,,,,,,,,,,,,,,,,,,,,,
530,高気圧ねこロック,高气压猫猫头,高气压猫,高气压,高血压,高气压猫猫摇滚,,,,,,,,,,,,,,,,,,,
531,Prophesy One,预言一,p1,,,,,,,,,,,,,,,,,,,,,,
532,洗脳,洗脑,Sennou,,,,,,,,,,,,,,,,,,,,,,
533,Barbed Eye,狗谷爱,坏眼,,,,,,,,,,,,,,,,,,,,,,
534,Nitrous Fury,nf,营养福瑞,氮气福瑞,,,,,,,,,,,,,,,,,,,,,
535,色は匂へど散りぬるを,色散,伊洛瓦,遗落哇,,,,,,,,,,,,,,,,,,,,,
536,月に叢雲華に風,,,,,,,,,,,,,,,,,,,,,,,,
537,No Routine,竹取飞翔,,,,,,,,,,,,,,,,,,,,,,,
538,ひれ伏せ愚民どもっ！,愚民,,,,,,,,,,,,,,,,,,,,,,,
539,エテルニタス・ルドロジー,东方鼓动,Eternitas Ludology,,,,,,,,,,,,,,,,,,,,,,
540,泡沫、哀のまほろば,泡沫,泡沫哀,泡馍,,,,,,,,,,,,,,,,,,,,,
541,華鳥風月,华鸟风月,世界名曲,风月金曲,四季大人,,,,,,,,,,,,,,,,,,,,
542,METATRON,死镰2,梅塔特隆,钟楼,麦塔冲,五边形,,,,,,,,,,,,,,,,,,,
543,終わりなき物語,无尽物语,物语,,,,,,,,,,,,,,,,,,,,,,
546,フォルテシモBELL,Fortissimo BELL,天王洲,,,,,,,,,,,,,,,,,,,,,,
547,私の中の幻想的世界観及びその顕現を想起させたある現実での出来事に関する一考察,名字太长的歌,考察,好长,一考察,世界观考察,莎啦啦啦,名字好长,名字很长的歌,名字最长,,,,,,,,,,,,,,,
548,DETARAME ROCK&ROLL THEORY,detarame,星星歌,drrt,,,,,,,,,,,,,,,,,,,,,
551,ファッとして桃源郷,,,,,,,,,,,,,,,,,,,,,,,,
552,ゴーストルール,,,,,,,,,,,,,,,,,,,,,,,,
553,チュルリラ・チュルリラ・ダッダッダ！,啾噜哩啦,哒哒哒,跳音,跳拍,秋露里拉,撒～撒～李狗蛋,李狗蛋,,,,,,,,,,,,,,,,,
555,GOODMEN,好男人,好人,良民,好汉歌,良麵,你,,,,,,,,,,,,,,,,,,
556,夜明けまであと３秒,夜明,夜明3秒,夜明三秒,失明前三秒,夜明前三秒,,,,,,,,,,,,,,,,,,,
557,Last Brave ～ Go to zero,变成0,走向0,,,,,,,,,,,,,,,,,,,,,,
558,STAIRWAY TO GENERATION,,,,,,,,,,,,,,,,,,,,,,,,
559,空威張りビヘイビア,空威张,,,,,,,,,,,,,,,,,,,,,,,
560,回レ！雪月花,,,,,,,,,,,,,,,,,,,,,,,,
561,いっしそう電☆舞舞神拳！,舞舞神拳,114514,偷袭,maimai神拳,游啊游啊游,,,,,,,,,,,,,,,,,,,
564,ENJOY POLIS,JOYPOLIS,世嘉都市乐园,,,,,,,,,,,,,,,,,,,,,,
565,生きてるおばけは生きている,活着的鬼还活着,活着的怪物会一直活着,obake,,,,,,,,,,,,,,,,,,,,,
566,天火明命,天火,天火没命,,,,,,,,,,,,,,,,,,,,,,
567,HERA,赫拉,狗刨歌,纵连歌,1号键,黑辣,,,,,,,,,,,,,,,,,,,
568,分からない,哇卡拉奶,我不知道,吾伐晓得,wakaranai,我嗯晓,哇嘎啦乃,俺不造啊,分力5,下位hera,母鸡,不知道,,,,,,,,,,,,,
571,Our Wrenally,OW,魔法阿嬷,魔法夏祭,守望先锋,夏祭2,儿歌,里夏祭,白夏祭,夏祭,哀れなり,あわれ,夏季BYD,隆逼,火夏祭,瓜子绝活,,,,,,,,,
572,Scream out! -maimai SONIC WASHER Edit-,,,,,,,,,,,,,,,,,,,,,,,,
573,四月の雨,四月的shi,四月雨,四月的雨,四月的粪,伞,三点饮茶,四月的💩,阴间歌,阴间的雨,四月的暴风雨,四月的😅,💩,,,,,,,,,,,,
574,Selector,假红谱,绿色女人,绿女人,绿色的魔法少女,绿魔法少女,蹭星游戏,,,,,,,,,,,,,,,,,,
578,ドキドキDREAM!!!,Dokidoki DREAM,ddd,,,,,,,,,,,,,,,,,,,,,,
579,ポップミュージックは僕のもの,镜子歌,男同,李女士跳舞,男同歌,镜子,,,,,,,,,,,,,,,,,,,
580,吉原ラメント,吉原哀歌,吉原,吉原拉面头,拉面头,妓院,吉原怨妇,,,,,,,,,,,,,,,,,,
581,ねぇ、壊れタ人形ハ何処へ棄テらレるノ？,坏人偶,坏人形,呐,极元哀歌,坏人型,,,,,,,,,,,,,,,,,,,
582,幽闇に目醒めしは,幽暗,幽目,幽暗目醒,,,,,,,,,,,,,,,,,,,,,
583,Starlight Vision,星光,,,,,,,,,,,,,,,,,,,,,,,
584,Club Ibuki in Break All,绝赞俱乐部,西瓜跳舞,绝赞,西瓜,,,,,,,,,,,,,,,,,,,,
585,Phantasm Brigade,孔明陷阱,12紫妈,,,,,,,,,,,,,,,,,,,,,,
586,永遠のメロディ,永远的melody,,,,,,,,,,,,,,,,,,,,,,,
587,白ゆき,白雪,拿不拿,,,,,,,,,,,,,,,,,,,,,,
589,Panopticon,监狱,光明会,环形监狱,圆形监狱,吴亦凡,,,,,,,,,,,,,,,,,,,
592,Sakura Fubuki,樱吹雪,樱吹屎,skrfbk,,,,,,,,,,,,,,,,,,,,,
593,conflict,,,,,,,,,,,,,,,,,,,,,,,,
598,すーぱーぬこになりたい,变超猫,nuko,mafu,超级猫,,,,,,,,,,,,,,,,,,,,
599,踊れオーケストラ,舞蹈乐团,康宽,Dance Orchestra,,,,,,,,,,,,,,,,,,,,,
601,きらっせ☆ウッド村ファーム,妖精村,木村,农场,,,,,,,,,,,,,,,,,,,,,
602,taboo tears you up,,,,,,,,,,,,,,,,,,,,,,,,
603,その群青が愛しかったようだった,群青,拿不拿,,,,,,,,,,,,,,,,,,,,,,
606,The wheel to the right,印度人,电锯,电锯人,右轮,阿三,右转轮,,,,,,,,,,,,,,,,,,
610,リンカーネイション,轮回转生,Reincarnation,,,,,,,,,,,,,,,,,,,,,,
611,宿題が終わらないっ！,宿题,作业,,,,,,,,,,,,,,,,,,,,,,
612,GO BACK 2 YOUR RAVE,gb2,回去你的2rave,滚回你的波,潮汕金曲,🉐🉐🉐🉐,鸡巴凸,雷神,gb2yr,g2r,,,,,,,,,,,,,,,
613,天国と地獄 -言ノ葉リンネ-,天国地狱,,,,,,,,,,,,,,,,,,,,,,,
614,夢花火,梦花火,乙姬角色歌,吗哇塞,,,,,,,,,,,,,,,,,,,,,
615,Paradisus-Paradoxum,,,,,,,,,,,,,,,,,,,,,,,,
617,オトヒメモリー☆ウタゲーション,乙姫,Otohimemory,Utagation,,,,,,,,,,,,,,,,,,,,,
618,ラブチーノ,Labcino,猫铃,猫猫铃,loveccino,,,,,,,,,,,,,,,,,,,,
620,東京レトロ,,,,,,,,,,,,,,,,,,,,,,,,
621,ARROW,箭,箭头,自八大,,,,,,,,,,,,,,,,,,,,,
622,バッド・ダンス・ホール,坏舞厅,bdh,bad dance hall,不要停下来,,,,,,,,,,,,,,,,,,,,
624,KISS CANDY FLAVOR,小红帽,亲亲砍弟佐料,,,,,,,,,,,,,,,,,,,,,,
625,Maxi,马克西,马西,马戏,麦克西,sabi,,,,,,,,,,,,,,,,,,,
626,相思創愛,相思创爱,,,,,,,,,,,,,,,,,,,,,,,
627,心象蜃気楼,心象晨气楼,心象,心跳气象楼,心象蜃气楼,哨戒班ll,,,,,,,,,,,,,,,,,,,
628,光線チューニング,光线tuning,光线,光线枪,中二,光线中二,,,,,,,,,,,,,,,,,,,
629,Limit Break,LB,限制绝赞,,,,,,,,,,,,,,,,,,,,,,
630,曖昧mind,爱maimai,暧昧mind,哮喘,,,,,,,,,,,,,,,,,,,,,
631,KING is BACK!!,王者归来,kib,国王是后退,金十段,退勤,王是背,无氧运动,有氧运动,来一首king is back,king is back,king四百,,,,,,,,,,,,,
632,Ultranova,A4纸,摩托车,超新星,,,,,,,,,,,,,,,,,,,,,
634,GET!! 夢&DREAM,取得梦和梦,学园handsome,锥子脸,,,,,,,,,,,,,,,,,,,,,
636,日本の米は世界一,日本米,日本米世界一,日本的大米天下第一,世界一,,,,,,,,,,,,,,,,,,,,
637,ないせんのうた,,,,,,,,,,,,,,,,,,,,,,,,
639,Starlight Dance Floor,星光舞厅,星光舞池,,,,,,,,,,,,,,,,,,,,,,
640,妖精村の月誕祭 ～Lunate Elf,妖精村,月诞,,,,,,,,,,,,,,,,,,,,,,
641,Calamity Fortune,,,,,,,,,,,,,,,,,,,,,,,,
642,Justified,正义,,,,,,,,,,,,,,,,,,,,,,,
643,Excalibur ～Revived resolution～,生煎2,圣剑2,ex咖喱棒,福瑞2,大圣剑,,,,,,,,,,,,,,,,,,,
646,名探偵連続殺人事件,名侦探,名侦探连续杀人事件,柯南,柯南连续杀人事件,,,,,,,,,,,,,,,,,,,,
647,エイリアンエイリアン,外星人,alien,alien alien,,,,,,,,,,,,,,,,,,,,,
648,My Dearest Song,大提琴,生日歌,我爱歌,我最爱的歌,mds,,,,,,,,,,,,,,,,,,,
649,猛進ソリストライフ！,猛进,,,,,,,,,,,,,,,,,,,,,,,
650,Let's Go Away,底特律,daytona,,,,,,,,,,,,,,,,,,,,,,
654,真・ハンサム体操でズンドコホイ,帅哥体操,真体操,体操,,,,,,,,,,,,,,,,,,,,,
655,フラジール,fragile,易碎品,丁亍氵一儿,易碎,弗拉记录,,,,,,,,,,,,,,,,,,,
657,オーディエンスを沸かす程度の能力 feat.タイツォン,沸腾程度,沸腾能力,沸程度,东方月灯笼,,,,,,,,,,,,,,,,,,,,
658,人里に下ったアタイがいつの間にか社畜になっていた件,社畜,NO NO working,人里下,,,,,,,,,,,,,,,,,,,,,
659,ギリギリ最強あいまいみー！,,,,,,,,,,,,,,,,,,,,,,,,
663,ちがう!!!,,,,,,,,,,,,,,,,,,,,,,,,
664,Moon of Noon,印度高僧,月儿子,越南,,,,,,,,,,,,,,,,,,,,,
665,チルノのパーフェクトさんすう教室　⑨周年バージョン,,,,,,,,,,,,,,,,,,,,,,,,
666,デスパレイト,desperate,,,,,,,,,,,,,,,,,,,,,,,
668,ようこそジャパリパークへ,,,,,,,,,,,,,,,,,,,,,,,,
669,あ・え・い・う・え・お・あお!!,,,,,,,,,,,,,,,,,,,,,,,,
670,ドーナツホール,甜甜圈洞,甜甜圈,绿人,,,,,,,,,,,,,,,,,,,,,
672,MilK,牛奶,12+牛奶,毛力毛力牛奶,,,,,,,,,,,,,,,,,,,,,
673,咲キ誇レ常世ノ華,常世华,常世之华,,,,,,,,,,,,,,,,,,,,,,
674,Magical Flavor,魔法味道,MF,milk op,waifu,魔法风味,,,,,,,,,,,,,,,,,,,
675,白い雪のプリンセスは,,,,,,,,,,,,,,,,,,,,,,,,
676,好き！雪！本気マジック,,,,,,,,,,,,,,,,,,,,,,,,
677,スターナイトスノウ,,,,,,,,,,,,,,,,,,,,,,,,
678,This game,游戏人生,虎纹鲨鱼,鱼，好大的鱼，虎纹鲨鱼,,,,,,,,,,,,,,,,,,,,,
679,Los! Los! Los!,,,,,,,,,,,,,,,,,,,,,,,,
680,Candy Tall Woman,糖果高女士,高血糖女人,糖高女,砍弟搞女人,,,,,,,,,,,,,,,,,,,,
681,Signature,签名卡,脏安卓,,,,,,,,,,,,,,,,,,,,,,
682,人生リセットボタン,人生重置,人生reset button,remake,人生重启键,人生重置按钮,人生重启按钮,,,,,,,,,,,,,,,,,,
683,しねばいいのに,死了一了百了,,,,,,,,,,,,,,,,,,,,,,,
684,もうみんなしねばいいのに,大家死了好,骂脏话,帕露西,帕露帕露,,,,,,,,,,,,,,,,,,,,
687,共感覚おばけ,共感觉,共感怪兽,麻鸡卡油,,,,,,,,,,,,,,,,,,,,,
688,麒麟,麒麟,青蛙叫,,,,,,,,,,,,,,,,,,,,,,
689,Credits,信用,制作人,11+,学分,阴间歌,,,,,,,,,,,,,,,,,,,
690,ダンスロボットダンス,,,,,,,,,,,,,,,,,,,,,,,,
691,アルカリレットウセイ,碱性劣等生,莉莉卡,愛岛,阿渡,,,,,,,,,,,,,,,,,,,,
692,ドクハク,独白,棺材,枪叔,,,,,,,,,,,,,,,,,,,,,
693,キレキャリオン,carry on,乃保,奶包,切下吧carry on,,,,,,,,,,,,,,,,,,,,
694,猫祭り,猫祭,nyannyannyannyan,🐱🐔,喵喵喵,猫寄,hso,,,,,,,,,,,,,,,,,,
695,TRUST,足控,小仏凪,,,,,,,,,,,,,,,,,,,,,,
696,Still,仍然,,,,,,,,,,,,,,,,,,,,,,,
697,ガヴリールドロップキック,,,,,,,,,,,,,,,,,,,,,,,,
698,fantastic dreamer,konosuba,为美好的世界献上祝福,,,,,,,,,,,,,,,,,,,,,,
699,天狗の落とし文 feat. ｙｔｒ,天狗,犹太人,ytr,天狗落文,,,,,,,,,,,,,,,,,,,,
700,疾走あんさんぶる,疾走,幽灵乐团,,,,,,,,,,,,,,,,,,,,,,
701,Doll Judgment,人形裁判,DJ,娃娃审判,人偶裁判,爱丽丝威震天,夹击妹抖,,,,,,,,,,,,,,,,,,
702,WARNING×WARNING×WARNING,,,,,,,,,,,,,,,,,,,,,,,,
704,SPILL OVER COLORS,Tsukasa错位,,,,,,,,,,,,,,,,,,,,,,,
705,Mare Maris,船歌,帆船,开船,小破船,船,妈妈船,破船,海底瘫二段,海盗船,好船,,,,,,,,,,,,,,
706,シャルル,,,,,,,,,,,,,,,,,,,,,,,,
707,フリィダム ロリィタ,自由洛丽塔,lolita,自由小萝莉,免费小萝莉,,,,,,,,,,,,,,,,,,,,
708,バレリーコ,芭蕾舞者,芭蕾,,,,,,,,,,,,,,,,,,,,,,
709,アウターサイエンス,界外科学,,,,,,,,,,,,,,,,,,,,,,,
710,REVIVER オルタンシア・サーガ -蒼の騎士団- オリジナルVer.,苍之骑士团,苍骑,,,,,,,,,,,,,,,,,,,,,,
711,拝啓ドッペルゲンガー,拜启,敬启我的分身,炸厕所,,,,,,,,,,,,,,,,,,,,,
712,ミラクル・ショッピング,购物,奇迹购物,唐吉诃德,,,,,,,,,,,,,,,,,,,,,
713,Kinda Way,KW,,,,,,,,,,,,,,,,,,,,,,,
717,ラブって♡ジュエリー♪えんじぇる☆ブレイク！！,Love is Jewelry Engel  Break,绝赞天使,,,,,,,,,,,,,,,,,,,,,,
719,エンドマークに希望と涙を添えて,希望泪,在结尾处添上希望与泪水,筋肉女神,希望鱼雷,希望与泪,,,,,,,,,,,,,,,,,,,
720,ナンセンス文学,无意义文学,拍手文学,文学,,,,,,,,,,,,,,,,,,,,,
721,Bang Babang Bang!!!,邦邦邦,邦邦邦邦,邦邦,,,,,,,,,,,,,,,,,,,,,
722,Tic Tac DREAMIN’,tic tac,,,,,,,,,,,,,,,,,,,,,,,
723,SPICY SWINGY STYLE,SSS,,,,,,,,,,,,,,,,,,,,,,,
725,砂の惑星 feat. HATSUNE MIKU,沙星,沙之行星,砂之惑星,砂星,砂纸火星,,,,,,,,,,,,,,,,,,,
726,アンノウン・マザーグース,妈妈鹅,鹅妈妈,UMG,,,,,,,,,,,,,,,,,,,,,
728,POP TEAM EPIC,,,,,,,,,,,,,,,,,,,,,,,,
729,にめんせい☆ウラオモテライフ！,,,,,,,,,,,,,,,,,,,,,,,,
730,うまるん体操,小埋体操,,,,,,,,,,,,,,,,,,,,,,,
731,妄想感傷代償連盟,ftafn,联盟,妄想感伤代偿联盟,dscf,妄感代联,mkdr,阿姨压一压,代偿联盟,妄想,,,,,,,,,,,,,,,
732,LOVE EAST,爱东,爱东方,转转,,,,,,,,,,,,,,,,,,,,,
733,Fist Bump,索尼克力量,,,,,,,,,,,,,,,,,,,,,,,
734,ENERGY SYNERGY MATRIX,,,,,,,,,,,,,,,,,,,,,,,,
735,Session High⤴,⤴️,⬆️,↗️,session high,high起来了！,,,,,,,,,,,,,,,,,,,
736,World Vanquisher,WV,世界征服者,世征,威猛先生,我的万蝰蛇,三岁小孩都能ap的,FTR6,饮茶先啦,没有那种世征的欲望,三点饮茶,,,,,,,,,,,,,,
737,FestivaLight,节日光,milked,my waifu,,,,,,,,,,,,,,,,,,,,,
738,Brain Power,脑力,O-oooooooooo,,,,,,,,,,,,,,,,,,,,,,
739,進め！イッスン軍団 -Rebellion of the Dwarfs-,前进军团,小人国,小小兵团,矮人军团,一寸军团,,,,,,,,,,,,,,,,,,,
740,ULTRA B+K,bk2,b+k,超级汉堡王,ubk,,,,,,,,,,,,,,,,,,,,
741,インビジブル,Invisible,透明人,隐形人,,,,,,,,,,,,,,,,,,,,,
742,彗星ハネムーン,彗星蜜月,彗星,彗星八礻么一冫,,,,,,,,,,,,,,,,,,,,,
743,アンチクロックワイズ,,,,,,,,,,,,,,,,,,,,,,,,
744,全力☆Summer!,,,,,,,,,,,,,,,,,,,,,,,,
745,keep hopping,跳个不停,kamome sano,沙野,,,,,,,,,,,,,,,,,,,,,
746,larva,拉瓦,幼虫,咖喱咖喱,,,,,,,,,,,,,,,,,,,,,
747,えれくとりっく・えんじぇぅ,,,,,,,,,,,,,,,,,,,,,,,,
748,ミラクルペイント,,,,,,,,,,,,,,,,,,,,,,,,
749,Ievan Polkka,甩葱歌,,,,,,,,,,,,,,,,,,,,,,,
750,初音ミクの激唱,激唱,麦霸,机场,初音未来的机场,,,,,,,,,,,,,,,,,,,,
751,ガチャガチャきゅ～と・ふぃぎゅ@メイト,,,,,,,,,,,,,,,,,,,,,,,,
752,true my heart -Lovable mix-,黄油,童话,,,,,,,,,,,,,,,,,,,,,,
753,Rodeo Machine,广播,绿皮星星歌,马,绿马,绿手,,,,,,,,,,,,,,,,,,,
754,Arrival of Tears,,,,,,,,,,,,,,,,,,,,,,,,
756,CYBER Sparks,cs,魔理沙爆炸,魔光炮,反恐精英,电火花,,,,,,,,,,,,,,,,,,,
757,Xevel,黑白双gay,x,xlevel,tatsh,清水大爷,,,,,,,,,,,,,,,,,,,
758,INFINITE WORLD,文文,射命丸文,,,,,,,,,,,,,,,,,,,,,,
759,サドマミホリック,灵梦撒币,撒钱灵梦,大狸子,,,,,,,,,,,,,,,,,,,,,
760,Ragnarok,诸神的黄昏,诸神黄昏,圣战,rag,,,,,,,,,,,,,,,,,,,,
761,このふざけた素晴らしき世界は、僕の為にある,,,,,,,,,,,,,,,,,,,,,,,,
762,このピアノでお前を8759632145回ぶん殴る,钢琴,8759632145,砸钢琴,钢琴殴,,,,,,,,,,,,,,,,,,,,
763,はやくそれになりたい！,音街,石油王,,,,,,,,,,,,,,,,,,,,,,
764,フィクサー,fixer,修人,,,,,,,,,,,,,,,,,,,,,,
765,みんなの,兽道,,,,,,,,,,,,,,,,,,,,,,,
766,アマノジャクリバース feat. ｙｔｒ,天邪鬼反转,天邪鬼,过马路,ytr,灵梦过马路,,,,,,,,,,,,,,,,,,,
767,進捗どうですか？,进步,进度,健身,进展,,,,,,,,,,,,,,,,,,,,
768,"Help me, あーりん！",教我，永琳！,erin！erin！,,,,,,,,,,,,,,,,,,,,,,
769,なるとなぎのパーフェクトロックンロール教室,琪露诺的完美算数教室,⑨,琪露诺,彩绿9,完美算术教室,,,,,,,,,,,,,,,,,,,
770,あねぺったん,Anepettan,贫乳,,,,,,,,,,,,,,,,,,,,,,
771,We Gonna Journey,我们要旅行,wgj,,,,,,,,,,,,,,,,,,,,,,
772,FREEDOM DiVE (tpz Overcute Remix),FD,自由落体,FDFD,自由下落,昨日に奏でる明日の歌(overcute remix）,雷亚金曲（）,自由坠毁,自由摔死,,,,,,,,,,,,,,,,
773,SILENT BLUE,静蓝,SB,水晶冲天钻,烧饼,,,,,,,,,,,,,,,,,,,,
774,甲賀忍法帖,甲贺忍法帖,,,,,,,,,,,,,,,,,,,,,,,
775,ジンギスカン,成吉思汗,羊肉,,,,,,,,,,,,,,,,,,,,,,
776,にじよめちゃん体操第一億,体操,体操一亿,拼机必点,氪金曲,体操第一亿,,,,,,,,,,,,,,,,,,,
777,花と、雪と、ドラムンベース。,花一轮,花雪,等一个好姐妹出勤,日本ktv,电音老阿妈,阿拉一起你,FAR一轮,花花花花花一轮,21.5Kcal,21.5大卡,花一輪,,,,,,,,,,,,,
778,Conquista Ciela,,,,,,,,,,,,,,,,,,,,,,,,
779,怒槌,怒锤,怒捶,光吉猛修,我的脾气,被锤,做披萨,必胜客,ikazuchi,,,,,,,,,,,,,,,,
781,Seyana. ～何でも言うことを聞いてくれるアカネチャン～,seyana,说的事呢,小茜,せやな,,,,,,,,,,,,,,,,,,,,
782,おねがいダーリン,拜托了darling,darling,,,,,,,,,,,,,,,,,,,,,,
786,My First Phone,小灵通,电话,手机,打电话,小电话,没发票,,,,,,,,,,,,,,,,,,
787,SHINY DAYS,摇曳露营,,,,,,,,,,,,,,,,,,,,,,,
788,NOISY LOVE POWER☆,,,,,,,,,,,,,,,,,,,,,,,,
789,ネ！コ！,neko,野良与皇女与流浪猫之心,你,,,,,,,,,,,,,,,,,,,,,
790,only my railgun,电磁炮,,,,,,,,,,,,,,,,,,,,,,,
791,ロールプレイングゲーム,rpg,role playing game,,,,,,,,,,,,,,,,,,,,,,
792,ヒバナ,火花,七八十,,,,,,,,,,,,,,,,,,,,,,
793,ロキ,口丰,roki,口≠,ruaki,口干,口串,口土,,,,,,,,,,,,,,,,,
794,Money Money,骂你骂你,钱钱,🤑🤑🤑🤑,神乐mea,,,,,,,,,,,,,,,,,,,,
796,極圏,极圈,极圈儿,SDVX,,,,,,,,,,,,,,,,,,,,,
797,Scarlet Lance,红枪,绯红之枪,斯卡雷特之枪,狗叼叉子,粪叉,狗狗咬红枪,,,,,,,,,,,,,,,,,,
798,セイクリッド　ルイン,太鼓达人,圣墟,圣灭,肾虚,蓝月亮,,,,,,,,,,,,,,,,,,,
799,QZKago Requiem,茄子卡狗,茄子,qzk,qz,黑猫打白猫,gdp2,毒牛奶,噎死那个羊,巧克力大战香子兰,牛奶打架,别踩我的jio,クジカゴ（kujikago,クズカゴ,假奶,猫打架,期中考,垃圾箱,白茄子,毒奶,,,,,
800,EVERGREEN,常绿,一直绿,青春永驻,,,,,,,,,,,,,,,,,,,,,
801,金の聖夜霜雪に朽ちて,,,,,,,,,,,,,,,,,,,,,,,,
802,不思議の国のクリスマス,不思议,不可思议,反海底谭,不思议国,东方圣诞,小海底谭,,,,,,,,,,,,,,,,,,
803,Schwarzschild,四川火娃,四川白娃,四川火娃弱智齿轮队,火娃,白娃,黑盾,史瓦西,,,,,,,,,,,,,,,,,
804,Magical Sound Shower,,,,,,,,,,,,,,,,,,,,,,,,
805,片想いサンバ,片想,,,,,,,,,,,,,,,,,,,,,,,
806,ナイトメア☆パーティーナイト,Nightmare Party Night,,,,,,,,,,,,,,,,,,,,,,,
807,フキゲンワルツ,,,,,,,,,,,,,,,,,,,,,,,,
809,結ンデ開イテ羅刹ト骸,连起来又分开，罗刹与骨骸,罗刹,结骸,罗刹与骸,分分合合的罗刹与骸,罗刹骸,结罗刹,结开罗刹骸,,,,,,,,,,,,,,,,
810,サウンド,,,,,,,,,,,,,,,,,,,,,,,,
811,右肩の蝶,右肩之蝶,,,,,,,,,,,,,,,,,,,,,,,
812,Alea jacta est!,黑人打架,击剑,白人打架,孤注一掷,🤺,白人划船,黑人击剑,,,,,,,,,,,,,,,,,
815,L4TS:2018 (feat. あひる & KTA),白毛,,,,,,,,,,,,,,,,,,,,,,,
816,クレイジークレイジーダンサーズ,ccd,疯狂疯狂跳舞,疯狂舞者,,,,,,,,,,,,,,,,,,,,,
817,【東方ニコカラ】秘神マターラ feat.魂音泉【IOSYS】,建前,秘神,,,,,,,,,,,,,,,,,,,,,,
818,隠然,隐然,,,,,,,,,,,,,,,,,,,,,,,
819,White Traveling Girl,白色旅行少女,白旅女,白色旅人,伊蕾娜,白游女,,,,,,,,,,,,,,,,,,,
820,FFT,傅立叶快速变换,肥肥头,快速傅里叶变换,狒狒头,付费通,发发图,疯疯兔,粪粪掏,扶扶她,扶芳藤,反复掏,法法踢,傅里叶,,,,,,,,,,,
821,-OutsideR:RequieM-,泡面,箱部吃泡面,,,,,,,,,,,,,,,,,,,,,,
822,イロトリドリのメロディ,彩绿之歌,Irotoridori no melody,,,,,,,,,,,,,,,,,,,,,,
823,奏者はただ背中と提琴で語るのみ,奏者,,,,,,,,,,,,,,,,,,,,,,,
824,Deep in Abyss,来自深渊,,,,,,,,,,,,,,,,,,,,,,,
825,雷切-RAIKIRI-,雷切,,,,,,,,,,,,,,,,,,,,,,,
826,キミとボクのミライ,,,,,,,,,,,,,,,,,,,,,,,,
827,Lost Princess,,,,,,,,,,,,,,,,,,,,,,,,
828,アリサのテーマ,,,,,,,,,,,,,,,,,,,,,,,,
829,敗北の少年,败北少年,败北的少年,,,,,,,,,,,,,,,,,,,,,,
830,立ち入り禁止,立入禁止,禁止,啊疼,痛い,地铁,,,,,,,,,,,,,,,,,,,
831,お気に召すまま,如你所愿,皆大欢喜,,,,,,,,,,,,,,,,,,,,,,
832,命ばっかり,全是命,命没,只为生命,命,,,,,,,,,,,,,,,,,,,,
833,the EmpErroR,皇帝,您,国王,土皇帝,,,,,,,,,,,,,,,,,,,,
834,PANDORA PARADOXXX,潘多拉,潘,儿歌,您,白潘,你,パンパラ,金曲,潘你马,大家,你游最简单的歌,,,,,,,,,,,,,
835,Believe the Rainbow,相信彩虹,告别曲,彩虹,FULL COMBO 50%,ED,TRACK 5/4,,,,,,,,,,,,,,,,,,
836,"Good Bye, Mr. Jack",再见杰哥,再见杰克,杰哥,,,,,,,,,,,,,,,,,,,,,
837,Altale,机器人钓鱼,阿泰尔,机器人,小机器人,,,,,,,,,,,,,,,,,,,,
838,最終鬼畜妹フランドール・S,蓝蓝路,鬼畜妹,最终鬼畜妹,,,,,,,,,,,,,,,,,,,,,
839,ネクロファンタジア～Arr.Demetori,少女幻葬,八云蓝,,,,,,,,,,,,,,,,,,,,,,
840,Imperishable Night 2006 (2016 Refine),2006,2016,2026,2036,2077,永夜的报应,,,,,,,,,,,,,,,,,,
841,終点,终点,,,,,,,,,,,,,,,,,,,,,,,
842,WORLD'S END UMBRELLA,世末伞,世末,,,,,,,,,,,,,,,,,,,,,,
843,ワンダーラスト,,,,,,,,,,,,,,,,,,,,,,,,
844,End Time,恩德太,嗯了么,et,贤者时间,,,,,,,,,,,,,,,,,,,,
847,カラフル×メロディ,,,,,,,,,,,,,,,,,,,,,,,,
848,魔法少女になるしかねぇ,魔法少女,,,,,,,,,,,,,,,,,,,,,,,
849,Kattobi KEIKYU Rider,卡透批来打,丁丁电车,列车,京急,京急电车,电车萝莉,叮叮电车,电车妹,开火车,叮叮车,,,,,,,,,,,,,,
850,B.M.S.,bms,光吉,光吉猛修之父,吃披萨,披萨,,,,,,,,,,,,,,,,,,,
852,TiamaT:F minor,提亚马特,音响龙,剃阿妈头发,五颜六色,绝赞交互,,,,,,,,,,,,,,,,,,,
853,前前前世,你的名字,君名,,,,,,,,,,,,,,,,,,,,,,
1020,Technicians High,,,,,,,,,,,,,,,,,,,,,,,,
1051,Destr0yer,,,,,,,,,,,,,,,,,,,,,,,,
1081,サンバランド,,,,,,,,,,,,,,,,,,,,,,,,
1085,Halcyon,,,,,,,,,,,,,,,,,,,,,,,,
10021,コネクト,小圆op,联系,connect,虚渊玄,小圆脸,小圆,魔法少女小圆,,,,,,,,,,,,,,,,,
10125,千本桜,千本樱,,,,,,,,,,,,,,,,,,,,,,,
10145,Starlight Disco,星光迪斯科,,,,,,,,,,,,,,,,,,,,,,,
10146,39,三玖,蹭,参上,放烟花,,,,,,,,,,,,,,,,,,,,
10181,君の知らない物語,你不知道的故事,君知,君知物语,物语,物语,,,,,,,,,,,,,,,,,,,
10188,天ノ弱,天之弱,天弱,天邪鬼,你星星绿了,,,,,,,,,,,,,,,,,,,,
10191,脳漿炸裂ガール,脑浆,脑浆炸裂女孩,脑浆炸裂,脑炸,脑浆子,,,,,,,,,,,,,,,,,,,
10193,セツナトリップ,刹那旅行,sp29,刹那之旅,刹那旅程,,,,,,,,,,,,,,,,,,,,
10202,Grip & Break down !!,gbd,铁拳,,,,,,,,,,,,,,,,,,,,,,
10256,いーあるふぁんくらぶ,王力宏,12fan,我爱你,嗨嗨China,12粉丝俱乐部,嗨嗨拆那,,,,,,,,,,,,,,,,,,
10288,六兆年と一夜物語,六兆年,希腊奶,🇬🇷🥛,安慕希,六兆年一夜物语,六兆年零一夜的故事,,,,,,,,,,,,,,,,,,
10301,患部で止まってすぐ溶ける～狂気の優曇華院,患部,优云华院,撒尿撒尿,优昙华院,马应龙,患部止,谁要谁要,,,,,,,,,,,,,,,,,
10319,幻想のサテライト,幻想卫星,卫星,幻想,,,,,,,,,,,,,,,,,,,,,
10363,Oshama Scramble!,牛奶,哦杀妈,牛奶猫,热辣大飞机,偶杀妈 实诚人阿妈爆了,假奶害猫,强身健体,奶,牛奶歌,欧杀妈,,,,,,,,,,,,,,
10420,Change Our MIRAI！,改变未来,com,,,,,,,,,,,,,,,,,,,,,,
10475,かくしん的☆めたまるふぉ～ぜっ！,小埋op,有木有wifi,,,,,,,,,,,,,,,,,,,,,,
10500,シュガーソングとビターステップ,,,,,,,,,,,,,,,,,,,,,,,,
10501,Daydream café,点兔,白日梦咖啡厅,,,,,,,,,,,,,,,,,,,,,,
10536,月に叢雲華に風,月丛云,月风,月从云华从风,幻想万华镜OP2,月丛云华风,,,,,,,,,,,,,,,,,,,
10552,ゴーストルール,幽灵法则,Ghost rule,狗斯特露露,,,,,,,,,,,,,,,,,,,,,
10560,回レ！雪月花,旋转吧！雪月花,机巧少女不会受伤,雪月花,,,,,,,,,,,,,,,,,,,,,
10572,Scream out! -maimai SONIC WASHER Edit-,赞不绝口,美国紫妈,风神录EX,阿姨,,,,,,,,,,,,,,,,,,,,
10593,conflict,公交车,冲突,bus,对立,康福利克特,,,,,,,,,,,,,,,,,,,
10602,taboo tears you up,三倍icecream,,,,,,,,,,,,,,,,,,,,,,,
10615,Paradisus-Paradoxum,,,,,,,,,,,,,,,,,,,,,,,,
10641,Calamity Fortune,cf,卡拉米提佛纯,穿越火线,常发,东风谷早苗,,,,,,,,,,,,,,,,,,,
10665,チルノのパーフェクトさんすう教室　⑨周年バージョン,9周年教室,笨蛋教室,九周年,baka,圈儿9,⑨,⑨舞,9舞,,,,,,,,,,,,,,,,
10668,ようこそジャパリパークへ,,,,,,,,,,,,,,,,,,,,,,,,
10690,ダンスロボットダンス,跳舞机器人,drd,奶油糖金曲,机器人跳舞,dance,dance robot dance,,,,,,,,,,,,,,,,,,
10702,WARNING×WARNING×WARNING,注意注意注意,条纹过膝袜,星条旗,美国妖精,warning*3,克劳恩皮丝,小丑,非常的野蛮，非常的谔谔,⚠⚠⚠,,,,,,,,,,,,,,,
10706,シャルル,夏露露,三力儿儿,氵节儿儿,三节儿儿,查尔斯,沙露露,,,,,,,,,,,,,,,,,,
10728,POP TEAM EPIC,,,,,,,,,,,,,,,,,,,,,,,,
10734,ENERGY SYNERGY MATRIX,ESM,傻吊猫,沙雕猫,跑,神经猫,からめる,e m s,💨,,,,,,,,,,,,,,,,
11001,BLACK ROSE,黑玫瑰,,,,,,,,,,,,,,,,,,,,,,,
11002,Secret Sleuth,ss,秘密侦探,,,,,,,,,,,,,,,,,,,,,,
11003,でらっくmaimai♪てんてこまい!,滴蜡熊,dx主题曲,迪拉熊,熊代主题曲,手忙脚乱,手萌脚乱,,,,,,,,,,,,,,,,,,
11004,MAXRAGE,绝赞交互,极怒,良怒2,满怒,怒气冲天,狂怒,贼生气,气炸了,怒砸洗衣机,,,,,,,,,,,,,,,
11005,バーチャルダム　ネーション,赛车,细江赛车,VN,,,,,,,,,,,,,,,,,,,,,
11006,P-qoq,灯射来红,拉面火箭,Q宝,火箭,红来射灯,孔雀,,,,,,,,,,,,,,,,,,
11007,超常マイマイン,超常maimai,超常,滴蜡熊转圈,咕噜咕噜,,,,,,,,,,,,,,,,,,,,
11008,Crazy Circle,疯圈,黑喂狗,,,,,,,,,,,,,,,,,,,,,,
11009,STEREOSCAPE,164,stereotype,,,,,,,,,,,,,,,,,,,,,,
11010,STARTLINER,音击,,,,,,,,,,,,,,,,,,,,,,,
11014,♡マイマイマイラブ♡,my my my love,sega游戏宇宙一,からめる,,,,,,,,,,,,,,,,,,,,,
11015,一か罰,一力罚,一刀罚,一加罚,一罚,,,,,,,,,,,,,,,,,,,,
11016,キリキリ舞Mine,girigiri舞,girigirimaimai,,,,,,,,,,,,,,,,,,,,,,
11017,福宿音屋魂音泉,魂音泉,男同温泉,福州男友玉谷泉,基佬泉,土嗨泉,,,,,,,,,,,,,,,,,,,
11018,Now or Never,现在或从不,non,机不可失,,,,,,,,,,,,,,,,,,,,,
11019,Scarlet Wings,猩红之翼,小星星2,REDALiCE,红翅膀子,红翼,,,,,,,,,,,,,,,,,,,
11020,Technicians High,科技高,高科技,高级技工,高技术员,,,,,,,,,,,,,,,,,,,,
11021,魔ジョ狩リ,魔女狩猎,魔狩,魔女,,,,,,,,,,,,,,,,,,,,,
11022,TwisteD! XD,xd,dxd,灯小灯,,,,,,,,,,,,,,,,,,,,,
11023,Blows Up Everything,吹爆,吹,瞎几把吹,吹爆一切,拆爆,社保,blows,blows up everything,USAO,,,,,,,,,,,,,,,
11024,Agitation！,鼓动,,,,,,,,,,,,,,,,,,,,,,,
11025,管弦楽組曲 第3番 ニ長調「第2曲（G線上のアリア）」BWV.1068-2,管弦乐,g弦,管弦乐组曲,g弦上,双踩,G弦上的咏叹调,,,,,,,,,,,,,,,,,,
11026,TEmPTaTiON,小萝莉,诱惑,小萝莉的诱惑,引诱,temp,摊破忒神,悄悄话,疼破忒肾,,,,,,,,,,,,,,,,
11027,アポカリプスに反逆の焔を焚べろ,反逆,反逆焰,向天启敬上反叛的火焰,反逆焰焚,天启,反焰,,,,,,,,,,,,,,,,,,
11028,玩具狂奏曲 -終焉-,玩具,玩具狂揍我,,,,,,,,,,,,,,,,,,,,,,
11029,Titania,泰坦尼亚,踢他娘,体坛,缇坦妮娅,泰坦,🐻👧✌,蓝毛小萝莉,蓝色小浣熊,天天尼亚,塞泰坦尼亚,,,,,,,,,,,,,,
11030,BOKUTO,波裤头,,,,,,,,,,,,,,,,,,,,,,,
11031,立川浄穢捕物帳,立川,立川净秽捕物帐,青岛侦探事务所,单手拍,,,,,,,,,,,,,,,,,,,,
11032,CHOCOLATE BOMB!!!!,巧克力炸弹,,,,,,,,,,,,,,,,,,,,,,,
11034,METEOR,流星,,,,,,,,,,,,,,,,,,,,,,,
11035,LOSER,八爷,樱子,我,我不,你,猴子,大家都,他,,,,,,,,,,,,,,,,
11036,U.S.A.,usa,美国,阿美莉卡,阿妹你看,come on baby,,,,,,,,,,,,,,,,,,,
11037,HOT LIMIT,热限,摇可乐,,,,,,,,,,,,,,,,,,,,,,
11038,新宝島,新宝岛,恐龙妈妈,丁宁,林檎电脑,提笔忘字,五大流氓,仙人指路,提笔忘字,光翼展开,战术踉跄,龙卷风偷袭停车场,一睹芳容,物业敲门,,,,,,,,,,,
11039,UNION,,,,,,,,,,,,,,,,,,,,,,,,
11041,乗ってけ！ジャパリビート,,,,,,,,,,,,,,,,,,,,,,,,
11042,フレ！フレ！ベストフレンズ,,,,,,,,,,,,,,,,,,,,,,,,
11043,メルト,melt,啦啦啦啦啦啦啦,X儿卜,梅鲁特,咩露拖,,,,,,,,,,,,,,,,,,,
11044,メルティランドナイトメア,melty land nightmare,小粉,春卷饭,,,,,,,,,,,,,,,,,,,,,
11045,アウトサイダー,outsider,局外人,,,,,,,,,,,,,,,,,,,,,,
11046,アディショナルメモリー,额外记忆,dx阳炎,,,,,,,,,,,,,,,,,,,,,,
11047,ジャガーノート,juggernaut,不可抗力,,,,,,,,,,,,,,,,,,,,,,
11048,ナイト・オブ・ナイツ (Cranky Remix),喜羊羊,dx夜骑,cranky夜骑,夜骑remix,夜骑2,,,,,,,,,,,,,,,,,,,
11049,Bad Apple!! feat.nomico (REDALiCE Remix),坏苹果remix,烂苹果remix,bad apple二段曲,坏苹果,,,,,,,,,,,,,,,,,,,,
11050,Strobe♡Girl,,,,,,,,,,,,,,,,,,,,,,,,
11051,Destr0yer,d0,削除光线,毁灭者,方块头,削除x2,削除射线,方脑壳,destroyer,,,,,,,,,,,,,,,,
11052,グリーンライツ・セレナーデ,绿光小夜曲,小夜曲,绿光,拆机,,,,,,,,,,,,,,,,,,,,
11055,POPPY PAPPY DAY,,,,,,,,,,,,,,,,,,,,,,,,
11056,Clattanoia,,,,,,,,,,,,,,,,,,,,,,,,
11057,The Gong of Knockout,,,,,,,,,,,,,,,,,,,,,,,,
11058,デンパラダイム,电波,带带带,,,,,,,,,,,,,,,,,,,,,,
11059,骸骨楽団とリリア,莉莉亚,骸骨乐团,骸骨,骸骨乐团,,,,,,,,,,,,,,,,,,,,
11060,星屑ユートピア,星屑乌托邦,星屑,,,,,,,,,,,,,,,,,,,,,,
11061,アマツキツネ,天狐,起飞,,,,,,,,,,,,,,,,,,,,,,
11062,徒花ネクロマンシー,,,,,,,,,,,,,,,,,,,,,,,,
11063,目覚めRETURNER,佐贺,佐贺偶像是传奇,,,,,,,,,,,,,,,,,,,,,,
11064,"Little ""Sister"" Bitch",婊子,小婊子,碧池,小婊妹,小婊砸,小姐婊,,,,,,,,,,,,,,,,,,
11065,Yakumo >>JOINT STRUGGLE (2019 Update),八云紫,八云,yakumo,八云一家,,,,,,,,,,,,,,,,,,,,
11066,げきオコスティックファイナリアリティぷんぷんマスタースパーク,Geki Okostic Finality Plump Master Spark,生气了,,,,,,,,,,,,,,,,,,,,,,
11067,CocktaiL,鸡尾酒,,,,,,,,,,,,,,,,,,,,,,,
11069,太陽系デスコ,太阳系disco,太阳系,拍手,呱唧呱唧,,,,,,,,,,,,,,,,,,,,
11070,だからパンを焼いたんだ,烧面包,面包,烤面包,,,,,,,,,,,,,,,,,,,,,
11071,東奔西走行進曲,东奔西走行进曲,东奔西走,,,,,,,,,,,,,,,,,,,,,,
11072,Soul-ride ON!,,,,,,,,,,,,,,,,,,,,,,,,
11073,アカリがやってきたぞっ,光在这里,gyari,akari来了哦,,,,,,,,,,,,,,,,,,,,,
11075,プナイプナイせんそう,噗奶噗奶,punai,噗奶,立秋,,,,,,,,,,,,,,,,,,,,
11076,未完成人,,,,,,,,,,,,,,,,,,,,,,,,
11077,デビル☆アイドル,恶魔偶像,,,,,,,,,,,,,,,,,,,,,,,
11078,quiet room,静屋,qr,自习室,,,,,,,,,,,,,,,,,,,,,
11080,Jump!! Jump!! Jump!!,跳跳跳,,,,,,,,,,,,,,,,,,,,,,,
11081,サンバランド,桑巴,体操,科目三,仰卧起坐,俯卧撑,,,,,,,,,,,,,,,,,,,
11083,サヨナラチェーンソー,再见电锯,电锯,,,,,,,,,,,,,,,,,,,,,,
11084,イカサマライフゲイム,作弊生存游戏,老千,,,,,,,,,,,,,,,,,,,,,,
11085,Halcyon,翡翠鸡,翡翠鸟,平静,二路公交车,,,,,,,,,,,,,,,,,,,,
11086,だれかの心臓になれたなら,心脏,若是能成为谁的心脏,心脏p,如果能成为谁的心脏的话,,,,,,,,,,,,,,,,,,,,
11087,幾望の月,几望之月,,,,,,,,,,,,,,,,,,,,,,,
11088,39みゅーじっく！,39music,39音乐,,,,,,,,,,,,,,,,,,,,,,
11089,STEEL TRANSONIC,st,,,,,,,,,,,,,,,,,,,,,,,
11090,Flashkick,闪击,,,,,,,,,,,,,,,,,,,,,,,
11091,Stardust Memories,星尘往事,,,,,,,,,,,,,,,,,,,,,,,
11092,My My My,我我我,,,,,,,,,,,,,,,,,,,,,,,
11093,UniTas,吉他双神,油腻他死,吉他神,,,,,,,,,,,,,,,,,,,,,
11094,ここからはじまるプロローグ。,从这开始,哒哒哒,福瑞,小心售人控,序章,兽人控金曲,,,,,,,,,,,,,,,,,,
11095,絡めトリック利己ライザー,利己,纠结把戏自私的造反者,,,,,,,,,,,,,,,,,,,,,,
11096,モ°ルモ°ル,毛儿毛儿,毛儿,毛二毛二,摸噜摸噜,morumoru,,,,,,,,,,,,,,,,,,,
11097,ブレインジャックシンドローム,,,,,,,,,,,,,,,,,,,,,,,,
11098,共鳴,共鸣,,,,,,,,,,,,,,,,,,,,,,,
11099,Ututu,,,,,,,,,,,,,,,,,,,,,,,,
11100,シエルブルーマルシェ,,,,,,,,,,,,,,,,,,,,,,,,
11101,GRÄNDIR,grandir,,,,,,,,,,,,,,,,,,,,,,,
11102,封焔の135秒,135,小国奏音,封校135年,封焰,封校,,,,,,,,,,,,,,,,,,,
11103,渦状銀河のシンフォニエッタ,涡状银河,抽水马桶,涡状马桶,马桶,,,,,,,,,,,,,,,,,,,,
11104,ヤミツキ,痴迷,,,,,,,,,,,,,,,,,,,,,,,
11105,ワードワードワード,touch海底谭,touch潭,,,,,,,,,,,,,,,,,,,,,,
11106,Valsqotch,金熊,黄金滴蜡熊,极巨化黄金迪拉熊,黄金大逼脸,,,,,,,,,,,,,,,,,,,,
11107,最強 the サマータイム!!!!!,最强summertime,最强,summertime,,,,,,,,,,,,,,,,,,,,,
11108,UTAKATA,泡沫,,,,,,,,,,,,,,,,,,,,,,,
11109,タテマエと本心の大乱闘,本心大乱斗,大乱斗,,,,,,,,,,,,,,,,,,,,,,
11110,はちみつアドベンチャー,,,,,,,,,,,,,,,,,,,,,,,,
11111,popcorn,爆米花,,,,,,,,,,,,,,,,,,,,,,,
11113,ハム太郎とっとこうた,哈姆太郎,沙雕太郎,,,,,,,,,,,,,,,,,,,,,,
11114,青空のラプソディ,青空狂想曲,龙女仆,,,,,,,,,,,,,,,,,,,,,,
11115,だから僕は音楽を辞めた,所以我放弃了音乐,放弃音乐,,,,,,,,,,,,,,,,,,,,,,
11116,ラブ・ドラマティック feat. 伊原六花,辉夜,辉夜大小姐,辣妹迷死他,,,,,,,,,,,,,,,,,,,,,
11117,異世界かるてっと,异世界,,,,,,,,,,,,,,,,,,,,,,,
11118,いつかいい感じにアレしよう,,,,,,,,,,,,,,,,,,,,,,,,
11119,I'm with you,,,,,,,,,,,,,,,,,,,,,,,,
11120,オトモダチフィルム,,,,,,,,,,,,,,,,,,,,,,,,
11121,ビターチョコデコレーション,苦巧克力装饰,苦巧克力,,,,,,,,,,,,,,,,,,,,,,
11122,アンドロイドガール,Android girl,安卓女孩,仿生少女,机器人少女,安卓少女,安卓,,,,,,,,,,,,,,,,,,
11123,スターリースカイ☆パレード,星空游行,,,,,,,,,,,,,,,,,,,,,,,
11124,スロウダウナー,海底潭青春版,海底潭lite,,,,,,,,,,,,,,,,,,,,,,
11125,クレイジー・ビート,疯狂节拍,crazy beats,crazy beat,切里败,,,,,,,,,,,,,,,,,,,,
11126,バイオレンストリガー,暴力扳机,,,,,,,,,,,,,,,,,,,,,,,
11127,グラーヴェ,hello,grave,,,,,,,,,,,,,,,,,,,,,,
11128,KILLER B,杀b,杀手b,,,,,,,,,,,,,,,,,,,,,,
11129,すーぱーぬこになれんかった,变猫,变不了猫,,,,,,,,,,,,,,,,,,,,,,
11130,アスヘノBRAVE,,,,,,,,,,,,,,,,,,,,,,,,
11131,深海シティアンダーグラウンド,深海cityunderground,深海地下城,深海,,,,,,,,,,,,,,,,,,,,,
11132,表裏一体,表里一体,,,,,,,,,,,,,,,,,,,,,,,
11133,Catch the Wave,抓波浪,,,,,,,,,,,,,,,,,,,,,,,
11134,ソリッド,solid,大贫民,大穷鬼,穷逼,,,,,,,,,,,,,,,,,,,,
11135,全力ハッピーライフ,全力happylife,森罗万象,,,,,,,,,,,,,,,,,,,,,,
11136,Oath Act,,,,,,,,,,,,,,,,,,,,,,,,
11137,Witches night,,,,,,,,,,,,,,,,,,,,,,,,
11138,Drive Your Fire,,,,,,,,,,,,,,,,,,,,,,,,
11139,wheel,一笔画,,,,,,,,,,,,,,,,,,,,,,,
11140,Black Lair,黑巢,,,,,,,,,,,,,,,,,,,,,,,
11141,energy trixxx,,,,,,,,,,,,,,,,,,,,,,,,
11142,NULCTRL,核控,,,,,,,,,,,,,,,,,,,,,,,
11143,アトロポスと最果の探究者,探究者,白毛,,,,,,,,,,,,,,,,,,,,,,
11144,六厘歌,,,,,,,,,,,,,,,,,,,,,,,,
11145,Entrance,入口,,,,,,,,,,,,,,,,,,,,,,,
11146,Lunar Mare,月海,,,,,,,,,,,,,,,,,,,,,,,
11147,Saika,彩华,,,,,,,,,,,,,,,,,,,,,,,
11148,CHAOS,超市,我们不认识,,,,,,,,,,,,,,,,,,,,,,
11149,Maboroshi,幻,,,,,,,,,,,,,,,,,,,,,,,
11150,ウマイネームイズうまみちゃん,umy story,美味棒,,,,,,,,,,,,,,,,,,,,,,
11151,馬と鹿,马和鹿,笨和蛋,马鹿,傻之逼,傻与逼,八与嘎,傻和逼,群主,马与鹿,你,,,,,,,,,,,,,,
11152,ぼくたちいつでも　しゅわっしゅわ！,修哇修哇,我们永远修哇修哇,we always shuwa-shuwa,,,,,,,,,,,,,,,,,,,,,
11153,Boys O’Clock,,,,,,,,,,,,,,,,,,,,,,,,
11154,居並ぶ穀物と溜息まじりの運送屋,木雕2,老头拉车,运送屋,溜息,,,,,,,,,,,,,,,,,,,,
11155,ARAIS,,,,,,,,,,,,,,,,,,,,,,,,
11156,マイオドレ！舞舞タイム,hololive,樱巫女,时乃空,起舞吧！舞舞time,,,,,,,,,,,,,,,,,,,,
11157,Aetheric Energy,,,,,,,,,,,,,,,,,,,,,,,,
11158,Komplexe,,,,,,,,,,,,,,,,,,,,,,,,
11159,Beautiful Future,美丽未来,,,,,,,,,,,,,,,,,,,,,,,
11160,Mutation,,,,,,,,,,,,,,,,,,,,,,,,
11161,オリフィス,,,,,,,,,,,,,,,,,,,,,,,,
11162,ユメヒバナ,,,,,,,,,,,,,,,,,,,,,,,,
11163,REAL VOICE,,,,,,,,,,,,,,,,,,,,,,,,
11164,パラボラ,白毛体育生,,,,,,,,,,,,,,,,,,,,,,,
11165,Regulus,,,,,,,,,,,,,,,,,,,,,,,,
11166,ワンダーシャッフェンの法則,法则,,,,,,,,,,,,,,,,,,,,,,,
11167,BIRTH,出生,,,,,,,,,,,,,,,,,,,,,,,
11168,シアトリカル・ケース,Theatrical case,,,,,,,,,,,,,,,,,,,,,,,
11169,ステップアンドライム,,,,,,,,,,,,,,,,,,,,,,,,
11170,届かない花束,,,,,,,,,,,,,,,,,,,,,,,,
11171,YURUSHITE,,,,,,,,,,,,,,,,,,,,,,,,
11172,ポケットからぬりつぶせ！,,,,,,,,,,,,,,,,,,,,,,,,
11173,トリドリ⇒モリモリ！Lovely fruits☆,,,,,,,,,,,,,,,,,,,,,,,,
11174,Desperado Waltz,华尔兹,,,,,,,,,,,,,,,,,,,,,,,
11175,宛城、炎上！！,炎上,烟上,,,,,,,,,,,,,,,,,,,,,,
11176,Climax,,,,,,,,,,,,,,,,,,,,,,,,
11177,レーイレーイ,,,,,,,,,,,,,,,,,,,,,,,,
11178,ノーポイッ!,nopoi,点兔,,,,,,,,,,,,,,,,,,,,,,
11179,町かどタンジェント,街角切线,街角魔族,,,,,,,,,,,,,,,,,,,,,,
11180,紅蓮華,红莲华,猪油骨,,,,,,,,,,,,,,,,,,,,,,
11182,MIRACLE RUSH,,,,,,,,,,,,,,,,,,,,,,,,
11183,お願いマッスル,拜托了肌肉,流汗吧！健身少女,,,,,,,,,,,,,,,,,,,,,,
11184,Virtual to LIVE,彩虹社,2434,v2l,vtl,,,,,,,,,,,,,,,,,,,,
11185,命に嫌われている,被生命所厌恶,命嫌,,,,,,,,,,,,,,,,,,,,,,
11186,アンクローズ・ヒューマン,unclosed human,永不落幕的人,,,,,,,,,,,,,,,,,,,,,,
11187,乙女解剖,解剖,,,,,,,,,,,,,,,,,,,,,,,
11188,絶え間なく藍色,无尽的蓝色,蓝色,,,,,,,,,,,,,,,,,,,,,,
11189,ガランド,,,,,,,,,,,,,,,,,,,,,,,,
11190,とりあえずアナタがいなくなるまえに,总之在你消逝之前,mota,,,,,,,,,,,,,,,,,,,,,,
11191,明星ギャラクティカ,明星银河号,明星,,,,,,,,,,,,,,,,,,,,,,
11192,絶対にチョコミントを食べるアオイチャン,必须要吃巧克力薄荷味冰淇淋的琴叶葵酱,琴叶葵,GYARI,Chocomint,,,,,,,,,,,,,,,,,,,,
11193,デリヘル呼んだら君が来た,我叫了应召女郎然后你就来了,,,,,,,,,,,,,,,,,,,,,,,
11194,ベノム,Venom,毒液,猛毒,,,,,,,,,,,,,,,,,,,,,
11195,マネマネサイコトロピック,ManeMane的精神回归,manemane,,,,,,,,,,,,,,,,,,,,,,
11197,劣等上等,,,,,,,,,,,,,,,,,,,,,,,,
11198,アスノヨゾラ哨戒班,明日的夜空哨戒班,哨戒班,烧鸡班,,,,,,,,,,,,,,,,,,,,,
11199,悪戯センセーション,恶戏,,,,,,,,,,,,,,,,,,,,,,,
11200,Paranoia,偏执狂,,,,,,,,,,,,,,,,,,,,,,,
11201,絡繰りドール,络缲,Karakuri Doll,,,,,,,,,,,,,,,,,,,,,,
11202,物凄いヴァイブスで魔理沙が物凄いラップ,物凄,,,,,,,,,,,,,,,,,,,,,,,
11204,Sweet Requiem,甜蜜安魂曲,,,,,,,,,,,,,,,,,,,,,,,
11205,Dive into The Sky ～initialized～,,,,,,,,,,,,,,,,,,,,,,,,
11206,BATTLE NO.1,打架第一名,战地一,第一战,缝合怪,掰头南波万,拳皇,小 心 兔 头,掰头囊波万,一战,白头南波湾,掰头南波湾,,,,,,,,,,,,,
11207,Ether Strike,es,以太打击,白内障,,,,,,,,,,,,,,,,,,,,,
11208,Cyaegha,绿魔王,,,,,,,,,,,,,,,,,,,,,,,
11209,Grievous Lady,病女,对立拉窗帘,,,,,,,,,,,,,,,,,,,,,,
11210,c.s.q.n.,csqn,,,,,,,,,,,,,,,,,,,,,,,
11211,カラッポ・ノンフィクション,,,,,,,,,,,,,,,,,,,,,,,,
11212,emomomo,emoji,emo,,,,,,,,,,,,,,,,,,,,,,
11213,Arty Party,,,,,,,,,,,,,,,,,,,,,,,,
11214,Jörqer,jorqer,,,,,,,,,,,,,,,,,,,,,,,
11215,"Sqlupp (Camellia's ""Sqleipd*Hiytex"" Remix)",,,,,,,,,,,,,,,,,,,,,,,,
11216,felys -final remix-,,,,,,,,,,,,,,,,,,,,,,,,
11217,Pretender,,,,,,,,,,,,,,,,,,,,,,,,
11218,自傷無色,自伤无色,,,,,,,,,,,,,,,,,,,,,,,
11219,Prismatic,,,,,,,,,,,,,,,,,,,,,,,,
11221,"≠彡""/了→",キミツアー,乱码熊,kop2020,蓝熊,,,,,,,,,,,,,,,,,,,,
11222,BREaK! BREaK! BREaK!,BBB,绝赞三连,,,,,,,,,,,,,,,,,,,,,,
11223,Heavenly Blast,皇冠2,,,,,,,,,,,,,,,,,,,,,,,
11224,Paradisoda,魂音泉,修哇修哇,,,,,,,,,,,,,,,,,,,,,,
11225,VANTABLACK RAVER,黑乙姬,,,,,,,,,,,,,,,,,,,,,,,
11226,時計の国のジェミニ,时计,时计之国,时钟之国,时钟之国的双子座,时钟,,,,,,,,,,,,,,,,,,,
11227,Xenovcipher,泽拉斯,,,,,,,,,,,,,,,,,,,,,,,
11228,星めぐり、果ての君へ。,,,,,,,,,,,,,,,,,,,,,,,,
11229,スローアライズ,slow arise,,,,,,,,,,,,,,,,,,,,,,,
11230,チエルカ／エソテリカ,,,,,,,,,,,,,,,,,,,,,,,,
11231,生命不詳,生命不详,,,,,,,,,,,,,,,,,,,,,,,
11232,Never Give Up!,,,,,,,,,,,,,,,,,,,,,,,,
11233,Starry Colors,,,,,,,,,,,,,,,,,,,,,,,,
11234,ほしぞらスペクタクル,星空,,,,,,,,,,,,,,,,,,,,,,,
11235,VIIIbit Explorer,8bit,,,,,,,,,,,,,,,,,,,,,,,
11236,Last Samurai,六月的雨,,,,,,,,,,,,,,,,,,,,,,,
11237,蒼穹舞楽,苍穹舞乐,,,,,,,,,,,,,,,,,,,,,,,
11238,AMABIE,,,,,,,,,,,,,,,,,,,,,,,,
11239,オーケー？　オーライ！,,,,,,,,,,,,,,,,,,,,,,,,
11240,サヨナラフリーウェイ,,,,,,,,,,,,,,,,,,,,,,,,
11241,単一指向性オーバーブルーム,单一指向性,,,,,,,,,,,,,,,,,,,,,,,
11242,みなえをチェック！,注目,,,,,,,,,,,,,,,,,,,,,,,
11243,ハジマリノピアノ,,,,,,,,,,,,,,,,,,,,,,,,
11246,BOUNCE & DANCE,,,,,,,,,,,,,,,,,,,,,,,,
11247,Kiss Me Kiss,,,,,,,,,,,,,,,,,,,,,,,,
11248,MEGATON BLAST,,,,,,,,,,,,,,,,,,,,,,,,
11249,Splash Dance!!,,,,,,,,,,,,,,,,,,,,,,,,
11250,インフェルノ,inferno,地狱,炎炎消防队,,,,,,,,,,,,,,,,,,,,,
11251,冬のこもりうた,,,,,,,,,,,,,,,,,,,,,,,,
11252,God knows...,团长,凉宫春日,平野绫,,,,,,,,,,,,,,,,,,,,,
11253,おジャ魔女カーニバル!!,光吉,光吉小魔女,小魔女嘉年华,,,,,,,,,,,,,,,,,,,,,
11254,秒針を噛む,咬合秒针,zutomayo,咬住秒针,,,,,,,,,,,,,,,,,,,,,
11255,タケモトピアノCMソング,,,,,,,,,,,,,,,,,,,,,,,,
11256,乙女のルートはひとつじゃない！,,,,,,,,,,,,,,,,,,,,,,,,
11257,ビックカメラのテーマソング,,,,,,,,,,,,,,,,,,,,,,,,
11258,電話革命ナイセン,电话革命,,,,,,,,,,,,,,,,,,,,,,,
11259,Shiny Smily Story,hololive,sss,,,,,,,,,,,,,,,,,,,,,,
11260,ネガティブ進化論,消极进化论,进化论,,,,,,,,,,,,,,,,,,,,,,
11261,雨とペトラ,雨与佩特拉,,,,,,,,,,,,,,,,,,,,,,,
11262,永遠にゲームで対戦したいキリタン,永远,,,,,,,,,,,,,,,,,,,,,,,
11263,KING,,,,,,,,,,,,,,,,,,,,,,,,
11264,幽霊東京,幽灵东京,,,,,,,,,,,,,,,,,,,,,,,
11265,Alice in 冷凍庫,Alice in 冷冻库,,,,,,,,,,,,,,,,,,,,,,,
11266,キラメキ居残り大戦争,,,,,,,,,,,,,,,,,,,,,,,,
11267,ディカディズム,,,,,,,,,,,,,,,,,,,,,,,,
11268,猫猫的宇宙論,猫猫的宇宙论,,,,,,,,,,,,,,,,,,,,,,,
11269,ラットが死んだnew words,,,,,,,,,,,,,,,,,,,,,,,,
11270,阿吽のビーツ,契合的节奏,阿吽的节奏,阿哞,,,,,,,,,,,,,,,,,,,,,
11271,再会,,,,,,,,,,,,,,,,,,,,,,,,
11272,約束,约束,约定,,,,,,,,,,,,,,,,,,,,,,
11273,トラフィック・ジャム,,,,,,,,,,,,,,,,,,,,,,,,
11274,アルティメットセンパイ,,,,,,,,,,,,,,,,,,,,,,,,
11275,ロストワードクロニカル,,,,,,,,,,,,,,,,,,,,,,,,
11276,今、誰が為のかがり火へ,,,,,,,,,,,,,,,,,,,,,,,,
11277,Melody！,,,,,,,,,,,,,,,,,,,,,,,,
11278,下克上々,下克上,,,,,,,,,,,,,,,,,,,,,,,
11279,ハウリング,,,,,,,,,,,,,,,,,,,,,,,,
11280,トランスダンスアナーキー,,,,,,,,,,,,,,,,,,,,,,,,
11281,Re：End of a Dream,re end,,,,,,,,,,,,,,,,,,,,,,,
11282,もぺもぺ,mopemope,儿童邪典,小花,,,,,,,,,,,,,,,,,,,,,
11283,Sound Chimera,奇美拉,,,,,,,,,,,,,,,,,,,,,,,
11284,CO5M1C R4ILR0AD,cosmic railroad,,,,,,,,,,,,,,,,,,,,,,,
11285,MAKE IT FUNKY NOW,,,,,,,,,,,,,,,,,,,,,,,,
11286,Rush-More,rush more,rushmore,,,,,,,,,,,,,,,,,,,,,,
11287,Strange Bar,,,,,,,,,,,,,,,,,,,,,,,,
11288,Big Daddy,大爹,,,,,,,,,,,,,,,,,,,,,,,
11289,ベースラインやってる？笑,bassline,,,,,,,,,,,,,,,,,,,,,,,
11290,ALiVE,,,,,,,,,,,,,,,,,,,,,,,,
11291,ヒミツCULT,,,,,,,,,,,,,,,,,,,,,,,,
11292,MEGATON KICK,,,,,,,,,,,,,,,,,,,,,,,,
11293,LOSE CONTROL,失控,,,,,,,,,,,,,,,,,,,,,,,
11294,宿星審判,宿星审判,,,,,,,,,,,,,,,,,,,,,,,
11295,脳天直撃,脑天直击,脑瘫直击,脑天,,,,,,,,,,,,,,,,,,,,,
11296,とびだせ！TO THE COSMIC!!,,,,,,,,,,,,,,,,,,,,,,,,
11297,噛み係,,,,,,,,,,,,,,,,,,,,,,,,
11298,トリアージ,,,,,,,,,,,,,,,,,,,,,,,,
11299,NAGAREBOSHI☆ROCKET,,,,,,,,,,,,,,,,,,,,,,,,
11300,U&iVERSE -銀河鸞翔-,银河鸾翔,,,,,,,,,,,,,,,,,,,,,,,
11301,華の集落、秋のお届け,,,,,,,,,,,,,,,,,,,,,,,,
11302,BLACK SWAN,黑天鹅,,,,,,,,,,,,,,,,,,,,,,,
11303,星詠みとデスペラード,星咏,,,,,,,,,,,,,,,,,,,,,,,
11304,Round Round Spinning Around,,,,,,,,,,,,,,,,,,,,,,,,
11305,Alcyone,,,,,,,,,,,,,,,,,,,,,,,,
11306,Raven Emperor,,,,,,,,,,,,,,,,,,,,,,,,
11307,Yorugao,,,,,,,,,,,,,,,,,,,,,,,,
11308,ヨミビトシラズ,,,,,,,,,,,,,,,,,,,,,,,,
11309,前衛的Landscape,前卫的landscape,,,,,,,,,,,,,,,,,,,,,,,
11310,Trick tear,,,,,,,,,,,,,,,,,,,,,,,,
11311,躯樹の墓守,躯树墓守,,,,,,,,,,,,,,,,,,,,,,,
11312,ぱくぱく☆がーる,江江,我饿了,おなかすいた,,,,,,,,,,,,,,,,,,,,,
11313,No Limit RED Force,,,,,,,,,,,,,,,,,,,,,,,,
11314,LiftOff,,,,,,,,,,,,,,,,,,,,,,,,
11315,Falsum Atlantis.,,,,,,,,,,,,,,,,,,,,,,,,
11316,We Are Us,,,,,,,,,,,,,,,,,,,,,,,,
11317,Limits,,,,,,,,,,,,,,,,,,,,,,,,
11318,スピカの天秤,天秤,,,,,,,,,,,,,,,,,,,,,,,
11319,ハードコア・シンドローム,hardcore,,,,,,,,,,,,,,,,,,,,,,,
11321,夜に駆ける,向夜晚奔去,yoasobi,,,,,,,,,,,,,,,,,,,,,,
11322,うっせぇわ,烦死了,,,,,,,,,,,,,,,,,,,,,,,
11323,Shooting Stars,,,,,,,,,,,,,,,,,,,,,,,,
11324,MOON NIGHTのせいにして,,,,,,,,,,,,,,,,,,,,,,,,
11325,テレキャスタービーボーイ,,,,,,,,,,,,,,,,,,,,,,,,
11327,僕は空気が嫁ない,我不会察言观色,空气,,,,,,,,,,,,,,,,,,,,,,
11328,デッドマンズバラッド,,,,,,,,,,,,,,,,,,,,,,,,
11329,イヤホンロマンス,,,,,,,,,,,,,,,,,,,,,,,,
11330,竹,小心立秋,,,,,,,,,,,,,,,,,,,,,,,
11331,スーパーシンメトリー,super symmetry,,,,,,,,,,,,,,,,,,,,,,,
11333,Southern Cross,南十字,,,,,,,,,,,,,,,,,,,,,,,
11334,Upshift,上升,,,,,,,,,,,,,,,,,,,,,,,
11335,MOBILYS,,,,,,,,,,,,,,,,,,,,,,,,
11336,ドラゴンエネルギー,,,,,,,,,,,,,,,,,,,,,,,,
11337,セカイはまだ始まってすらいない,“世界”还没开始,世界还没开始,,,,,,,,,,,,,,,,,,,,,,
11340,Sweets Time,,,,,,,,,,,,,,,,,,,,,,,,
11341,紅星ミゼラブル～廃憶編,,,,,,,,,,,,,,,,,,,,,,,,
11342,幻想に咲いた花,,,,,,,,,,,,,,,,,,,,,,,,
11343,マツヨイナイトバグ,,,,,,,,,,,,,,,,,,,,,,,,
11344,ポッピンキャンディ☆フィーバー！,,,,,,,,,,,,,,,,,,,,,,,,
11345,どぅーまいべすと！,,,,,,,,,,,,,,,,,,,,,,,,
11346,春を告げる,,,,,,,,,,,,,,,,,,,,,,,,
11347,泥の分際で私だけの大切を奪おうだなんて,,,,,,,,,,,,,,,,,,,,,,,,
11348,VOLTAGE,,,,,,,,,,,,,,,,,,,,,,,,
11349,失敗作少女,失败作少女,,,,,,,,,,,,,,,,,,,,,,,
11350,悪魔の踊り方,,,,,,,,,,,,,,,,,,,,,,,,
11351,ノイローゼ,,,,,,,,,,,,,,,,,,,,,,,,
11352,Seize The Day,,,,,,,,,,,,,,,,,,,,,,,,
11353,グッバイ宣言,再见宣言,goodbye宣言,,,,,,,,,,,,,,,,,,,,,,
11354,春嵐,,,,,,,,,,,,,,,,,,,,,,,,
11355,ラグトレイン,,,,,,,,,,,,,,,,,,,,,,,,
11356,なだめスかし Negotiation（TVsize）,,,,,,,,,,,,,,,,,,,,,,,,
11358,インドア系ならトラックメイカー,室内系的trackmaker,室内系,yunomi,,,,,,,,,,,,,,,,,,,,,
11359,アカツキアライヴァル,拂晓抵达,,,,,,,,,,,,,,,,,,,,,,,
11360,リモコン,遥控器,remote,,,,,,,,,,,,,,,,,,,,,,
11361,on the rocks,,,,,,,,,,,,,,,,,,,,,,,,
11362,響け！CHIREI MY WAY!,,,,,,,,,,,,,,,,,,,,,,,,
11363,神々が恋した幻想郷,,,,,,,,,,,,,,,,,,,,,,,,
11364,Lia=Fail,圣剑3,生煎3,,,,,,,,,,,,,,,,,,,,,,
11365,アンビバレンス,矛盾心理,ambivalence,,,,,,,,,,,,,,,,,,,,,,
11367,veil,,,,,,,,,,,,,,,,,,,,,,,,
11369,廻廻奇譚,回回奇谭,,,,,,,,,,,,,,,,,,,,,,,
11370,さんさーら！,,,,,,,,,,,,,,,,,,,,,,,,
11371,アイドル新鋭隊,,,,,,,,,,,,,,,,,,,,,,,,
11372,needLe,,,,,,,,,,,,,,,,,,,,,,,,
11373,ヒステリックナイトガール,,,,,,,,,,,,,,,,,,,,,,,,
11374,GIGANTØMAKHIA,gigatomakhia,老头环,,,,,,,,,,,,,,,,,,,,,,
11375,ミルキースター・シューティングスター,,,,,,,,,,,,,,,,,,,,,,,,
11376,ｉｓｏｐｈｏｔｅ,isophote,,,,,,,,,,,,,,,,,,,,,,,
11377,パラマウント☆ショータイム！！,,,,,,,,,,,,,,,,,,,,,,,,
11378,Strive against fate,,,,,,,,,,,,,,,,,,,,,,,,
11379,sølips,solips,,,,,,,,,,,,,,,,,,,,,,,
11380,パーフェクション,,,,,,,,,,,,,,,,,,,,,,,,
11381,デーモンベット,,,,,,,,,,,,,,,,,,,,,,,,
11382,HECATONCHEIR,,,,,,,,,,,,,,,,,,,,,,,,
11383,Irresistible,,,,,,,,,,,,,,,,,,,,,,,,
11384,HAGAKIRI,,,,,,,,,,,,,,,,,,,,,,,,
11385,N3V3R G3T OV3R,never get over,,,,,,,,,,,,,,,,,,,,,,,
11386,Swift Swing,,,,,,,,,,,,,,,,,,,,,,,,
11387,星空パーティーチューン,,,,,,,,,,,,,,,,,,,,,,,,
11388,チューリングの跡,,,,,,,,,,,,,,,,,,,,,,,,
11389,Sage,,,,,,,,,,,,,,,,,,,,,,,,
11390,OTOGEMA,,,,,,,,,,,,,,,,,,,,,,,,
11391,WiPE OUT MEMORIES,,,,,,,,,,,,,,,,,,,,,,,,
11392,Metamorphosism,,,,,,,,,,,,,,,,,,,,,,,,
11393,白花の天使,,,,,,,,,,,,,,,,,,,,,,,,
11394,World's end loneliness,,,,,,,,,,,,,,,,,,,,,,,,
11395,Jouez Avec Moi?,,,,,,,,,,,,,,,,,,,,,,,,
11396,テリトリーバトル,,,,,,,,,,,,,,,,,,,,,,,,
11398,"Good bye, Merry-Go-Round.",旋转木马,,,,,,,,,,,,,,,,,,,,,,,
11399,ツクヨミステップ,,,,,,,,,,,,,,,,,,,,,,,,
11400,folern,,,,,,,,,,,,,,,,,,,,,,,,
11401,コスモポップファンクラブ,,,,,,,,,,,,,,,,,,,,,,,,
11402,撩乱乙女†無双劇,,,,,,,,,,,,,,,,,,,,,,,,
11404,See The Light,,,,,,,,,,,,,,,,,,,,,,,,
11405,エータ・ベータ・イータ,,,,,,,,,,,,,,,,,,,,,,,,
11406,愛のシュプリーム！,爱的supreme,爱的至高无上,龙女仆2,,,,,,,,,,,,,,,,,,,,,
11407,くらべられっ子,,,,,,,,,,,,,,,,,,,,,,,,
11408,あの世行きのバスに乗ってさらば。,坐上前往彼世的巴士永别了,巴士,世行,,,,,,,,,,,,,,,,,,,,,
11409,うまぴょい伝説,赛马娘,赛马娘传说,马娘,,,,,,,,,,,,,,,,,,,,,
11410,ヴァンパイア,vampire,吸血鬼,,,,,,,,,,,,,,,,,,,,,,
11411,エンヴィーベイビー,envybaby,envy baby,,,,,,,,,,,,,,,,,,,,,,
11412,初音天地開闢神話,初音天地开辟神话,,,,,,,,,,,,,,,,,,,,,,,
11413,Armageddon,,,,,,,,,,,,,,,,,,,,,,,,
11415,Dreadnought,,,,,,,,,,,,,,,,,,,,,,,,
11418,enchanted love,青蛙王子,青蛙歌,,,,,,,,,,,,,,,,,,,,,,
11419,Caterpillar Song,,,,,,,,,,,,,,,,,,,,,,,,
11420,Photon Melodies,,,,,,,,,,,,,,,,,,,,,,,,
11421,吾輩よ猫であれ,,,,,,,,,,,,,,,,,,,,,,,,
11422, ,无名歌,,,,,,,,,,,,,,,,,,,,,,,
11423,BLUE ZONE,,,,,,,,,,,,,,,,,,,,,,,,
11424,Estahv,白戒,,,,,,,,,,,,,,,,,,,,,,,
11425,First Dance,,,,,,,,,,,,,,,,,,,,,,,,
11426,Mjölnir,,,,,,,,,,,,,,,,,,,,,,,,
11427,Define,定义,,,,,,,,,,,,,,,,,,,,,,,
11428,BANG!,,,,,,,,,,,,,,,,,,,,,,,,
11429,Love's Theme of BADASS ～バッド・アス 愛のテーマ～,,,,,,,,,,,,,,,,,,,,,,,,
11430,オントロジー,,,,,,,,,,,,,,,,,,,,,,,,
11431,剣を抜け！GCCX MAX,,,,,,,,,,,,,,,,,,,,,,,,
11432,Princess♂,,,,,,,,,,,,,,,,,,,,,,,,
11433,ヒトガタ,,,,,,,,,,,,,,,,,,,,,,,,
11434,Spring of Dreams,,,,,,,,,,,,,,,,,,,,,,,,
11435,"大輪の魂 (feat. AO, 司芭扶)",,,,,,,,,,,,,,,,,,,,,,,,
11436,紅に染まる恋の花,,,,,,,,,,,,,,,,,,,,,,,,
11437,三妖精SAY YA!!!,,,,,,,,,,,,,,,,,,,,,,,,
11438,Reach For The Stars (Re-Colors),,,,,,,,,,,,,,,,,,,,,,,,
11439,ジャンキーナイトタウンオーケストラ,,,,,,,,,,,,,,,,,,,,,,,,
11441,終焉逃避行,,,,,,,,,,,,,,,,,,,,,,,,
11443,8-EM,,,,,,,,,,,,,,,,,,,,,,,,
11444,若い力,社歌,若力,,,,,,,,,,,,,,,,,,,,,,
11445,遺伝子レベル∞スパイラル,,,,,,,,,,,,,,,,,,,,,,,,
11446,otorii INNOVATED -[i]3-,电熊,雷熊,大鸟居,,,,,,,,,,,,,,,,,,,,,
11447,エゴロック,,,,,,,,,,,,,,,,,,,,,,,,
11448,ただ選択があった,,,,,,,,,,,,,,,,,,,,,,,,
11449,パズルリボン,,,,,,,,,,,,,,,,,,,,,,,,
11450,YONA YONA DANCE,,,,,,,,,,,,,,,,,,,,,,,,
11451,Transcend Lights,,,,,,,,,,,,,,,,,,,,,,,,